time,voltage,pressed
0.1084299,2.80547409579668,1
0.2408307,2.42424242424242,1
0.3039364,2.42424242424242,1
0.3693535,2.42424242424242,1
0.4318548,2.44379276637341,1
0.4941226,2.45845552297165,1
0.5577799,2.4633431085044,1
0.6409708,2.44379276637341,1
0.707673,2.43401759530792,1
0.7693551,2.43401759530792,1
0.8314675,2.44868035190616,1
0.8943124,2.43890518084066,1
0.9590931,2.41446725317693,1
1.022314,2.39980449657869,1
1.0867077,2.39491691104594,1
1.1508334,2.38514173998045,1
1.1995028,2.38514173998045,1
1.2545815,2.3802541544477,1
1.3183502,2.3900293255132,1
1.3804139,2.36070381231672,1
1.4455334,2.36070381231672,1
1.5087497,2.36070381231672,1
1.5707367,2.34604105571848,1
1.6351415,2.40957966764418,1
1.6915929,2.45845552297165,1
1.7631427,2.49755620723363,1
1.8184402,2.5366568914956,1
1.8827569,2.62463343108504,1
1.9466049,2.80058651026393,1
2.0090676,2.96187683284457,1
2.0746639,3.1524926686217,1
2.1385234,3.25024437927664,1
2.200668,3.2258064516129,1
2.2591962,3.25024437927664,1
2.330916,3.20625610948192,1
2.3952354,3.14760508308895,1
2.4682976,3.12805474095797,1
2.5300282,3.10361681329423,1
2.595139,3.09872922776149,1
2.6591583,3.13294232649071,1
2.7244453,3.18670576735093,1
2.7963215,3.29912023460411,1
2.866384,3.32844574780059,1
2.930719,3.35777126099707,1
2.9952681,3.37732160312805,1
3.065116,3.40664711632454,1
3.1300485,3.34799608993157,1
3.1944278,3.33822091886608,1
3.2557783,3.38709677419355,1
3.3145295,3.41642228739003,1
3.3783479,3.41642228739003,1
3.4428368,3.47507331378299,1
3.505763,3.5386119257087,1
3.5692666,3.63636363636364,1
3.6336911,3.68035190615836,1
3.6959335,3.68035190615836,1
3.7613428,3.70967741935484,1
3.8268315,3.69012707722385,1
3.8800143,3.73411534701857,1
3.9531227,3.71456500488759,1
4.0160212,3.74877810361681,1
4.0803028,3.76344086021505,1
4.1449377,3.74877810361681,1
4.2050732,3.70967741935484,1
4.2653617,3.67057673509286,1
4.3364401,3.59726295210166,1
4.3997333,3.50928641251222,1
4.4655361,3.46041055718475,1
4.5465024,3.43597262952102,1
4.6262117,3.39198435972629,1
4.707058,3.35288367546432,1
4.7879185,3.33333333333333,1
4.862393,3.27468230694037,1
4.9352787,3.23069403714565,1
4.9976264,3.19648093841642,1
5.0629676,3.16226783968719,1
5.1259688,3.10850439882698,1
5.1896495,3.12316715542522,1
5.252181,3.05962854349951,1
5.3152947,3.05474095796676,1
5.380334,3.05962854349951,1
5.4383686,3.0791788856305,1
5.503046,3.08406647116325,1
5.5665808,3.05474095796676,1
5.6323828,3.01075268817204,1
5.6951428,2.99120234604106,1
5.7581418,2.98142717497556,1
5.822582,2.96187683284457,1
5.884074,2.90811339198436,1
5.9444944,2.88856304985337,1
6.0294729,2.89833822091887,1
6.1031049,2.91788856304985,1
6.1653071,2.90322580645161,1
6.2272888,2.92766373411535,1
6.2929565,2.91788856304985,1
6.3560807,2.93255131964809,1
6.41897,2.83479960899316,1
6.4842313,2.80058651026393,1
6.547798,2.77126099706745,1
6.6122351,2.79569892473118,1
6.6791311,2.8396871945259,1
6.7488144,2.85434995112414,1
6.8108663,2.82991202346041,1
6.8752068,2.75659824046921,1
6.9385867,2.71749755620723,1
6.998239,2.78103616813294,1
7.0675942,2.80058651026393,1
7.1319901,2.8396871945259,1
7.1973832,2.85923753665689,1
7.257188,2.84457478005865,1
7.3307507,2.78103616813294,1
7.393795,2.62952101661779,1
7.4606264,2.63929618768328,1
7.5355232,2.72727272727273,1
7.6008864,2.87878787878788,1
7.6647972,3.03030303030303,1
7.7292426,3.16715542521994,1
7.7894953,3.16226783968719,1
7.8541479,3.09384164222874,1
7.9175501,2.87390029325513,1
7.9830442,2.7663734115347,1
8.0475198,2.87878787878788,1
8.1222375,2.9227761485826,1
8.18645,2.93743890518084,1
8.258114,2.97165200391007,1
8.3228103,2.97653958944282,1
8.3780618,2.88367546432063,1
8.442721,2.81524926686217,1
8.5035437,2.80547409579668,1
8.5687756,2.78103616813294,1
8.6239751,2.8396871945259,1
8.6803129,2.85923753665689,1
8.7561206,2.85434995112414,1
8.8131247,2.88856304985337,1
8.8703818,2.89833822091887,1
8.9447598,2.90811339198436,1
9.0090767,2.93255131964809,1
9.0737977,2.93255131964809,1
9.1304474,2.93255131964809,1
9.2015371,2.93255131964809,1
9.2643832,2.9227761485826,1
9.3305706,2.94721407624633,1
9.3922343,2.93255131964809,1
9.4636612,2.9960899315738,1
9.5266909,3.02541544477028,1
9.5901158,3.03519061583578,1
9.6560625,3.04007820136852,1
9.7174567,3.08406647116325,1
9.800994,3.05474095796676,1
9.9090871,3.08406647116325,1
10.0438522,3.069403714565,1
10.1540029,2.97653958944282,1
10.2866864,2.9227761485826,1
10.3888669,2.93255131964809,1
10.479054,2.93255131964809,1
10.5984973,3.01564027370479,1
10.7177401,3.16715542521994,1
10.8356966,3.46041055718475,1
10.9668016,3.78299120234604,1
11.0846582,3.83675464320626,1
11.1828639,3.86119257086999,1
11.3058415,3.42619745845552,1
11.4204767,3.12805474095797,1
11.5405728,3.03519061583578,1
11.6646529,2.96187683284457,1
11.7690747,2.90811339198436,1
11.8946565,2.87390029325513,1
12.0086376,2.83479960899316,1
12.115561,2.81524926686217,1
12.2451779,2.81524926686217,1
12.3631386,2.79081133919844,1
12.4587076,2.78592375366569,1
12.5866809,2.78592375366569,1
12.7167081,2.78103616813294,1
12.8220484,2.78592375366569,1
12.9479441,2.82013685239492,1
13.0615197,2.82502443792766,1
13.1591713,2.81524926686217,1
13.2678455,2.82991202346041,1
13.393407,2.81036168132942,1
13.5215582,2.8494623655914,1
13.6380447,2.85434995112414,1
13.7625007,2.88367546432063,1
13.8846713,2.89345063538612,1
13.9941198,2.91300097751711,1
14.0923759,2.89833822091887,1
14.2115629,2.93255131964809,1
14.3295803,2.97165200391007,1
14.4361905,3.02541544477028,1
14.5300214,2.97653958944282,1
14.6579943,2.93255131964809,1
14.7533728,2.87390029325513,1
14.8634159,2.83479960899316,1
14.979219,2.81036168132942,1
15.095013,2.7761485826002,1
15.2230126,2.7663734115347,1
15.3381819,2.75171065493646,1
15.4602281,2.7761485826002,1
15.6142686,2.76148582600195,1
15.7516822,2.76148582600195,1
15.8551354,2.87390029325513,1
15.9502284,2.80547409579668,1
16.0608534,2.7761485826002,1
16.1468296,2.90811339198436,1
16.2481115,2.86901270772239,1
16.3389849,2.88856304985337,1
16.4443258,2.82013685239492,1
16.5528374,2.81524926686217,1
16.6608396,2.71749755620723,1
16.769134,2.69794721407625,1
16.8645345,2.71260997067449,1
17.0522362,2.70283479960899,1
17.1764662,2.68328445747801,1
17.2825956,2.63440860215054,1
17.4080716,2.63929618768328,1
17.5068021,2.63929618768328,1
17.6246173,2.6099706744868,1
17.7507584,2.6197458455523,1
17.8803821,2.72727272727273,1
18.0248501,2.70772238514174,1
18.1390489,2.61485826001955,1
18.2745161,2.58553274682307,1
18.386987,2.64907135874878,1
18.4698211,2.67839687194526,1
18.5711062,2.69794721407625,1
18.6708442,2.71260997067449,1
18.7758118,2.75659824046921,1
18.8760109,2.75171065493646,1
18.9663349,2.75171065493646,1
19.0765463,2.7663734115347,1
19.176087,2.78592375366569,1
19.284836,2.81036168132942,1
19.3841316,2.89833822091887,1
19.4986281,2.95210166177908,1
19.612293,3.03030303030303,1
19.7004227,3.09872922776149,1
19.7843824,3.12805474095797,1
19.8849708,3.18181818181818,1
19.9934272,3.28445747800586,1
20.0933091,3.38709677419355,1
20.1835699,3.41642228739003,1
20.28596,3.36265884652981,1
20.4001424,3.25513196480938,1
20.5177946,3.20136852394917,1
20.6586904,3.13782991202346,1
20.781511,3.13294232649071,1
20.8655273,3.11339198435973,1
20.9636016,3.09872922776149,1
21.0788933,3.0791788856305,1
21.1834958,3.08895405669599,1
21.2886884,3.0791788856305,1
21.3927659,3.06451612903226,1
21.5081358,3.04985337243402,1
21.5960241,3.05474095796676,1
21.7085193,3.03030303030303,1
21.8411629,3.02541544477028,1
21.9760222,3.01564027370479,1
22.0911517,3.02052785923754,1
22.2057233,2.98631476050831,1
22.3217012,2.90811339198436,1
22.4258075,2.88856304985337,1
22.5352809,2.86412512218964,1
22.6343555,2.84457478005865,1
22.7228169,2.81524926686217,1
22.8215145,2.79569892473118,1
22.924505,2.80058651026393,1
23.0806511,2.79081133919844,1
23.215471,2.75171065493646,1
23.3610376,2.74682306940371,1
23.4867393,2.73704789833822,1
23.6030414,2.71749755620723,1
23.7050595,2.67839687194526,1
23.8030658,2.67839687194526,1
23.9078433,2.68328445747801,1
24.0051197,2.62952101661779,1
24.0902421,2.62463343108504,1
24.1820766,2.63929618768328,1
24.2889974,2.60019550342131,1
24.4076744,2.64907135874878,1
24.5147465,2.66373411534702,1
24.6222642,2.60019550342131,1
24.7308965,2.66373411534702,1
24.8444408,2.64418377321603,1
24.9503155,2.68817204301075,1
25.0732661,2.74193548387097,1
25.1737721,2.71749755620723,1
25.3088915,2.73704789833822,1
25.4222931,2.71749755620723,1
25.5329846,2.71749755620723,1
25.6646811,2.76148582600195,1
25.7819374,2.7761485826002,1
25.8918947,2.7761485826002,1
26.0096083,2.75659824046921,1
26.1114842,2.72238514173998,1
26.2138816,2.71260997067449,1
26.3164829,2.70283479960899,1
26.415255,2.69794721407625,1
26.5237855,2.68817204301075,1
26.6504239,2.69794721407625,1
26.748522,2.69794721407625,1
26.8572612,2.67350928641251,1
26.9544201,2.65884652981427,1
27.0635179,2.64418377321603,1
27.1644219,2.65395894428152,1
27.2717177,2.64907135874878,1
27.3793141,2.63929618768328,1
27.4873825,2.63440860215054,1
27.5872828,2.63440860215054,1
27.7022215,2.62952101661779,1
27.8340806,2.61485826001955,1
27.9591986,2.62463343108504,1
28.0631913,2.63440860215054,1
28.1761434,2.68328445747801,1
28.2991644,2.73216031280547,1
28.4164155,2.73704789833822,1
28.5391939,2.75659824046921,1
28.6362621,2.78592375366569,1
28.7530054,2.80058651026393,1
28.8682256,2.8494623655914,1
28.9744441,2.8494623655914,1
29.0941504,2.82502443792766,1
29.1896622,2.80547409579668,1
29.2974661,2.78592375366569,1
29.4544114,2.75171065493646,1
29.5731199,2.73704789833822,1
29.6786545,2.73216031280547,1
29.8020387,2.74193548387097,1
29.9280246,2.74682306940371,1
30.040195,2.78103616813294,1
30.1616945,2.88367546432063,1
30.2677753,2.86412512218964,1
30.3772926,2.80547409579668,1
30.4877649,2.7663734115347,1
30.5989595,2.72238514173998,1
30.7040022,2.73216031280547,1
30.8101192,2.73704789833822,1
30.9178282,2.71260997067449,1
31.0254924,2.68817204301075,1
31.1307065,2.70772238514174,1
31.2495996,2.71749755620723,1
31.3782805,2.71260997067449,1
31.5032185,2.70283479960899,1
31.626065,2.70283479960899,1
31.7491556,2.70772238514174,1
31.866892,2.72238514173998,1
31.9729245,2.71260997067449,1
32.0757318,2.7663734115347,1
32.180869,2.80547409579668,1
32.2976039,2.80058651026393,1
32.4077157,2.85434995112414,1
32.5473064,2.88856304985337,1
32.6766724,2.91300097751711,1
32.7991511,2.87878787878788,1
32.9346801,2.81524926686217,1
33.0540137,2.78592375366569,1
33.1600159,2.7663734115347,1
33.2753788,2.75171065493646,1
33.3748779,2.7761485826002,1
33.4844247,2.7663734115347,1
33.5833386,2.79081133919844,1
33.6958347,2.81036168132942,1
33.7964697,2.79569892473118,1
33.911506,2.81524926686217,1
34.0114767,2.7761485826002,1
34.1152588,2.69794721407625,1
34.2495998,2.65884652981427,1
34.370272,2.68817204301075,1
34.5009803,2.74193548387097,1
34.6064891,2.75171065493646,1
34.7057307,2.73704789833822,1
34.7867308,2.59530791788856,1
34.8868893,2.56109481915934,1
34.9709121,2.56109481915934,1
35.0843162,2.57575757575758,1
35.2389595,2.61485826001955,1
35.3552515,2.67350928641251,1
35.4418353,2.6930596285435,1
35.5428086,2.66373411534702,1
35.6246253,2.65395894428152,1
35.7345157,2.70283479960899,1
35.8739756,2.69794721407625,1
35.9822885,2.72727272727273,1
36.1085027,2.71749755620723,1
36.2243274,2.72727272727273,1
36.3806912,2.72238514173998,1
36.5158526,2.68328445747801,1
36.6301142,2.65884652981427,1
36.7441017,2.65884652981427,1
36.8740982,2.65395894428152,1
36.9967681,2.65884652981427,1
37.0953233,2.67839687194526,1
37.2223471,2.64907135874878,1
37.3403946,2.64418377321603,1
37.4641108,2.60508308895406,1
37.5939162,2.59530791788856,1
37.6907502,2.59042033235582,1
37.8052227,2.58553274682307,1
37.9228525,2.60019550342131,1
38.0506409,2.59530791788856,1
38.1618567,2.57086999022483,1
38.2763507,2.54643206256109,1
38.3929034,2.5366568914956,1
38.5002178,2.51221896383187,1
38.6274048,2.50733137829912,1
38.7330574,2.55620723362659,1
38.8608429,2.6197458455523,1
38.9682276,2.63929618768328,1
39.0798655,2.71749755620723,1
39.19524,2.72727272727273,1
39.3276734,2.72727272727273,1
39.4509634,2.72238514173998,1
39.5642645,2.73704789833822,1
39.6684254,2.74193548387097,1
39.7915466,2.71260997067449,1
39.9062883,2.69794721407625,1
40.0231742,2.68817204301075,1
40.1365909,2.67350928641251,1
40.2518299,2.70283479960899,1
40.3877552,2.69794721407625,1
40.5107047,2.71260997067449,1
40.643402,2.70283479960899,1
40.770392,2.69794721407625,1
40.8652215,2.67839687194526,1
40.9820242,2.66373411534702,1
41.0874881,2.65884652981427,1
41.2152665,2.67839687194526,1
41.3340629,2.69794721407625,1
41.464252,2.68817204301075,1
41.583356,2.65884652981427,1
41.7001798,2.68817204301075,1
41.8189072,2.71749755620723,1
41.9848097,2.80058651026393,1
42.12594,2.79569892473118,1
42.2297862,2.84457478005865,1
42.3226097,2.8494623655914,1
42.4334443,2.82991202346041,1
42.5388569,2.80058651026393,1
42.6662393,2.78103616813294,1
42.7730163,2.81036168132942,1
42.8928264,2.80058651026393,1
42.9940808,2.8494623655914,1
43.1068193,2.83479960899316,1
43.2073889,2.77126099706745,1
43.3086691,2.80058651026393,1
43.4072961,2.77126099706745,1
43.5107016,2.74682306940371,1
43.6255408,2.70283479960899,1
43.7330604,2.70283479960899,1
43.8521641,2.6930596285435,1
43.9702922,2.70283479960899,1
44.0854179,2.6930596285435,1
44.1888642,2.68328445747801,1
44.302334,2.67350928641251,1
44.4107711,2.65395894428152,1
44.5276256,2.67350928641251,1
44.6487143,2.67350928641251,1
44.7800076,2.64418377321603,1
44.9089496,2.6197458455523,1
45.0153594,2.59042033235582,1
45.140204,2.57575757575758,1
45.2608491,2.58553274682307,1
45.3745925,2.57575757575758,1
45.4737491,2.57086999022483,1
45.6195951,2.58064516129032,1
45.743734,2.57575757575758,1
45.8546264,2.57086999022483,1
45.9817803,2.58064516129032,1
46.1020731,2.6197458455523,1
46.2218331,2.68328445747801,1
46.3564926,2.73216031280547,1
46.4506089,2.75659824046921,1
46.5483552,2.75171065493646,1
46.6717654,2.77126099706745,1
46.8112473,2.79081133919844,1
46.9173392,2.78592375366569,1
47.0160328,2.75659824046921,1
47.1166181,2.73704789833822,1
47.254139,2.72238514173998,1
47.3667567,2.71260997067449,1
47.4693226,2.70283479960899,1
47.5839723,2.72727272727273,1
47.7616227,2.72727272727273,1
47.8883877,2.71749755620723,1
48.0051905,2.72727272727273,1
48.1243842,2.70772238514174,1
48.2582487,2.6930596285435,1
48.3786229,2.73216031280547,1
48.4903969,2.6930596285435,1
48.6051036,2.68817204301075,1
48.7053841,2.65395894428152,1
48.8042505,2.6197458455523,1
48.9390383,2.59042033235582,1
49.0405637,2.57575757575758,1
49.166778,2.57086999022483,1
49.279531,2.55620723362659,1
49.3826715,2.54643206256109,1
49.5093004,2.55131964809384,1
49.6423844,2.54154447702835,1
49.7532337,2.5366568914956,1
49.8863903,2.55131964809384,1
49.9992544,2.62952101661779,1
50.1060452,2.69794721407625,1
50.2085711,2.73216031280547,1
50.310105,2.78103616813294,1
50.4227553,2.80058651026393,1
50.522666,2.79569892473118,1
50.6299611,2.82991202346041,1
50.7388349,2.81524926686217,1
50.8477054,2.82013685239492,1
50.9645837,2.78103616813294,1
51.0725948,2.7663734115347,1
51.1807954,2.75171065493646,1
51.2911861,2.75171065493646,1
51.4140562,2.70772238514174,1
51.5348749,2.69794721407625,1
51.6739557,2.70283479960899,1
51.8191712,2.70772238514174,1
51.9165888,2.66862170087977,1
52.0323759,2.60508308895406,1
52.1395902,2.56109481915934,1
52.2486667,2.55620723362659,1
52.3825213,2.54154447702835,1
52.5070087,2.51221896383187,1
52.6356888,2.52688172043011,1
52.7610137,2.50244379276637,1
52.8876147,2.52688172043011,1
53.0118686,2.51710654936461,1
53.1441277,2.52199413489736,1
53.2611955,2.46823069403715,1
53.3906858,2.4633431085044,1
53.488122,2.44379276637341,1
53.5905185,2.50733137829912,1
53.7127498,2.57086999022483,1
53.8399124,2.65395894428152,1
53.935963,2.66862170087977,1
54.0469529,2.70283479960899,1
54.1785881,2.71260997067449,1
54.2820251,2.70283479960899,1
54.4162167,2.65395894428152,1
54.5295147,2.72727272727273,1
54.655447,2.65395894428152,1
54.7686307,2.62463343108504,1
54.8714225,2.62952101661779,1
54.9836334,2.65884652981427,1
55.0880088,2.65395894428152,1
55.205056,2.64907135874878,1
55.3058643,2.62952101661779,1
55.4349124,2.62952101661779,1
55.5437372,2.58553274682307,1
55.6466528,2.6197458455523,1
55.7622962,2.56598240469208,1
55.8785242,2.54643206256109,1
55.9877188,2.54154447702835,1
56.1049416,2.49266862170088,1
56.2020479,2.47311827956989,1
56.3136427,2.45356793743891,1
56.4376036,2.4633431085044,1
56.5366335,2.48289345063539,1
56.6535983,2.47311827956989,1
56.7825397,2.44868035190616,1
56.8959079,2.44379276637341,1
56.9981519,2.42913000977517,1
57.1290252,2.44379276637341,1
57.2571462,2.48289345063539,1
57.383127,2.52688172043011,1
57.5083633,2.54643206256109,1
57.6286439,2.58553274682307,1
57.7357058,2.65395894428152,1
57.8359609,2.63929618768328,1
57.9345214,2.62952101661779,1
58.0438117,2.60508308895406,1
58.1596092,2.61485826001955,1
58.2821613,2.74682306940371,1
58.3926835,2.73704789833822,1
58.5004908,2.66862170087977,1
58.5998486,2.66373411534702,1
58.7079586,2.64418377321603,1
58.8342009,2.64418377321603,1
58.9509609,2.65884652981427,1
59.0592853,2.64907135874878,1
59.1782458,2.63929618768328,1
59.2939384,2.65395894428152,1
59.4030388,2.65884652981427,1
59.520453,2.63440860215054,1
59.6206382,2.6197458455523,1
59.7268915,2.63929618768328,1
59.8396716,2.62952101661779,1
59.9444525,2.61485826001955,1
60.0612918,2.64418377321603,1
60.1690794,2.61485826001955,1
60.2705486,2.59042033235582,1
60.3783317,2.6099706744868,1
60.4860241,2.60019550342131,1
60.612477,2.58064516129032,1
60.7273,2.57086999022483,1
60.839453,2.59042033235582,1
60.9350453,2.59042033235582,1
61.0464725,2.58064516129032,1
61.1444117,2.56109481915934,1
61.2697395,2.55131964809384,1
61.3600833,2.57086999022483,1
61.4628928,2.58553274682307,1
61.5668142,2.56598240469208,1
61.6769068,2.56598240469208,1
61.792495,2.56109481915934,1
61.9105524,2.56598240469208,1
62.0189731,2.57575757575758,1
62.124555,2.61485826001955,1
62.234704,2.63440860215054,1
62.3687603,2.6930596285435,1
62.4854437,2.73216031280547,1
62.5913062,2.72727272727273,1
62.708995,2.73216031280547,1
62.8217344,2.75659824046921,1
62.9336592,2.70772238514174,1
63.046167,2.6930596285435,1
63.1561195,2.68817204301075,1
63.2652331,2.68817204301075,1
63.3641443,2.67350928641251,1
63.4734143,2.68328445747801,1
63.5959417,2.6930596285435,1
63.7327011,2.68817204301075,1
63.8441871,2.68328445747801,1
63.955589,2.68328445747801,1
64.0580818,2.66862170087977,1
64.1613514,2.65884652981427,1
64.2802533,2.66862170087977,1
64.3962736,2.65884652981427,1
64.5081415,2.65395894428152,1
64.6252976,2.64907135874878,1
64.7597304,2.63929618768328,1
64.8850538,2.63440860215054,1
64.9923166,2.66862170087977,1
65.1042246,2.64907135874878,1
65.2374679,2.66862170087977,1
65.3718746,2.63929618768328,1
65.4939005,2.66862170087977,1
65.6065557,2.66862170087977,1
65.713523,2.66373411534702,1
65.8198024,2.65884652981427,1
65.9401631,2.68817204301075,1
66.0654062,2.70283479960899,1
66.1744697,2.74682306940371,1
66.2644938,2.75171065493646,1
66.3839215,2.75659824046921,1
66.5063381,2.74193548387097,1
66.6135935,2.67839687194526,1
66.7240571,2.66373411534702,1
66.8339734,2.70772238514174,1
66.9412897,2.68817204301075,1
67.0450587,2.66862170087977,1
67.1635363,2.65395894428152,1
67.2704562,2.64418377321603,1
67.3849913,2.63440860215054,1
67.5102214,2.62952101661779,1
67.6146419,2.62463343108504,1
67.7242629,2.6197458455523,1
67.8470195,2.6099706744868,1
67.9479495,2.6197458455523,1
68.0576855,2.65395894428152,1
68.1921434,2.6930596285435,1
68.3083687,2.70283479960899,1
68.4392388,2.68817204301075,1
68.5547859,2.67839687194526,1
68.6839434,2.63929618768328,1
68.8239116,2.62463343108504,1
68.9409534,2.6197458455523,1
69.0431548,2.65395894428152,1
69.1676934,2.6099706744868,1
69.289382,2.59042033235582,1
69.4041722,2.59042033235582,1
69.51142,2.65884652981427,1
69.6369931,2.63929618768328,1
69.7739711,2.63440860215054,1
69.8961978,2.67350928641251,1
70.0367943,2.65884652981427,1
70.1473977,2.64418377321603,1
70.2723581,2.64418377321603,1
70.3986799,2.62952101661779,1
70.5240611,2.65884652981427,1
70.6286472,2.68817204301075,1
70.7593302,2.74193548387097,1
70.864293,2.74193548387097,1
70.9900339,2.71749755620723,1
71.1092643,2.68817204301075,1
71.235738,2.6930596285435,1
71.3526763,2.69794721407625,1
71.4634033,2.74193548387097,1
71.5780779,2.73704789833822,1
71.6997722,2.82013685239492,1
71.8119616,2.82502443792766,1
71.9225684,2.77126099706745,1
72.0290318,2.73704789833822,1
72.1396653,2.6930596285435,1
72.2549588,2.6930596285435,1
72.3729056,2.66373411534702,1
72.4692294,2.66862170087977,1
72.5869032,2.65884652981427,1
72.6971899,2.65395894428152,1
72.8227296,2.6197458455523,1
72.9548434,2.60019550342131,1
73.064056,2.60019550342131,1
73.1887926,2.58064516129032,1
73.3054904,2.57575757575758,1
73.4219205,2.56598240469208,1
73.5352153,2.55620723362659,1
73.6508946,2.57575757575758,1
73.7635519,2.64418377321603,1
73.8823191,2.62463343108504,1
74.0106032,2.63929618768328,1
74.1102303,2.6197458455523,1
74.233235,2.60019550342131,1
74.331131,2.59530791788856,1
74.4388325,2.59530791788856,1
74.5330534,2.59530791788856,1
74.6350088,2.59042033235582,1
74.7562043,2.60019550342131,1
74.8814224,2.61485826001955,1
75.0365971,2.60508308895406,1
75.1454852,2.59042033235582,1
75.2558362,2.59042033235582,1
75.3517919,2.59042033235582,1
75.4537675,2.61485826001955,1
75.5950763,2.62463343108504,1
75.7079312,2.57086999022483,1
75.827225,2.56109481915934,1
75.9283067,2.54154447702835,1
76.061299,2.54154447702835,1
76.2006435,2.57086999022483,1
76.3216326,2.54154447702835,1
76.4384138,2.56598240469208,1
76.5547506,2.54643206256109,1
76.67614,2.51710654936461,1
76.7941369,2.50733137829912,1
76.9003228,2.52199413489736,1
76.9975881,2.50733137829912,1
77.0994016,2.50244379276637,1
77.1961953,2.51221896383187,1
77.299508,2.49755620723363,1
77.3920012,2.49755620723363,1
77.4868581,2.48778103616813,1
77.5959285,2.50244379276637,1
77.6957317,2.49266862170088,1
77.8016994,2.47311827956989,1
77.9248058,2.47311827956989,1
78.0317953,2.50733137829912,1
78.1667224,2.48289345063539,1
78.2843374,2.49266862170088,1
78.3966158,2.48289345063539,1
78.4967994,2.46823069403715,1
78.6174231,2.47311827956989,1
78.7462521,2.48289345063539,1
78.8594334,2.49266862170088,1
78.9815761,2.51221896383187,1
79.0990871,2.54643206256109,1
79.2131152,2.59530791788856,1
79.3495997,2.67839687194526,1
79.4716733,2.6930596285435,1
79.6027476,2.68817204301075,1
79.7285022,2.6930596285435,1
79.8852426,2.71260997067449,1
80.017959,2.72727272727273,1
80.139463,2.68328445747801,1
80.2585253,2.65884652981427,1
80.360877,2.65395894428152,1
80.4655696,2.75171065493646,1
80.5947881,2.73704789833822,1
80.708117,2.72238514173998,1
80.8110092,2.6930596285435,1
80.9172036,2.67839687194526,1
81.0274094,2.68328445747801,1
81.152697,2.63440860215054,1
81.2572296,2.63440860215054,1
81.3604828,2.6197458455523,1
81.459639,2.6099706744868,1
81.5801368,2.72238514173998,1
81.7111644,2.56598240469208,1
81.8421423,2.58553274682307,1
81.9522365,2.57575757575758,1
82.0661106,2.56109481915934,1
82.2018648,2.55620723362659,1
82.320526,2.5366568914956,1
82.4236777,2.53176930596285,1
82.5334553,2.52199413489736,1
82.65145,2.51221896383187,1
82.7959189,2.49755620723363,1
82.9129213,2.49755620723363,1
83.0445624,2.50244379276637,1
83.1775003,2.48778103616813,1
83.3105649,2.47311827956989,1
83.4315246,2.49266862170088,1
83.5466985,2.52199413489736,1
83.6584644,2.50244379276637,1
83.7892327,2.50244379276637,1
83.9023303,2.49755620723363,1
84.0148255,2.48778103616813,1
84.1546297,2.47800586510264,1
84.2595148,2.48289345063539,1
84.3874412,2.47800586510264,1
84.4953358,2.47800586510264,1
84.59144,2.47311827956989,1
84.6833386,2.47311827956989,1
84.805466,2.4633431085044,1
84.9183062,2.45356793743891,1
85.0269358,2.44868035190616,1
85.1396865,2.45356793743891,1
85.2734927,2.47800586510264,1
85.3846119,2.4633431085044,1
85.5116718,2.4633431085044,1
85.6613532,2.49755620723363,1
85.8005585,2.50244379276637,1
85.929035,2.58064516129032,1
86.0372375,2.59530791788856,1
86.1582916,2.60508308895406,1
86.2798739,2.62463343108504,1
86.3796835,2.62952101661779,1
86.5208235,2.61485826001955,1
86.635322,2.62463343108504,1
86.7672379,2.62952101661779,1
86.8952806,2.65884652981427,1
87.0275427,2.63440860215054,1
87.1652038,2.6197458455523,1
87.2905165,2.60508308895406,1
87.4192722,2.58553274682307,1
87.5348267,2.58064516129032,1
87.6425243,2.58064516129032,1
87.7611965,2.58064516129032,1
87.8718161,2.58553274682307,1
88.0038578,2.56598240469208,1
88.1174472,2.57575757575758,1
88.2440417,2.57575757575758,1
88.3537777,2.57575757575758,1
88.4941922,2.55620723362659,1
88.6239789,2.55620723362659,1
88.7599023,2.53176930596285,1
88.9167971,2.56109481915934,1
89.0731091,2.54643206256109,1
89.1960355,2.55131964809384,1
89.3444228,2.51221896383187,1
89.4545405,2.51221896383187,1
89.5851339,2.51221896383187,1
89.7002864,2.52688172043011,1
89.8228703,2.53176930596285,1
89.9594643,2.49755620723363,1
90.0938545,2.50244379276637,1
90.2192875,2.54154447702835,1
90.3405017,2.58553274682307,1
90.4579071,2.65884652981427,1
90.5819039,2.70283479960899,1
90.7103344,2.71260997067449,1
90.8282378,2.73216031280547,1
90.9522776,2.71260997067449,1
91.0706362,2.69794721407625,1
91.1971115,2.6930596285435,1
91.333652,2.66862170087977,1
91.4665013,2.67839687194526,1
91.5916688,2.67350928641251,1
91.7124118,2.66862170087977,1
91.8376624,2.67839687194526,1
91.9592741,2.72727272727273,1
92.0998986,2.71260997067449,1
92.2160605,2.74193548387097,1
92.3355816,2.73704789833822,1
92.4556501,2.74193548387097,1
92.5720462,2.75171065493646,1
92.6803225,2.74682306940371,1
92.7970192,2.74682306940371,1
92.9377195,2.76148582600195,1
93.0783668,2.7761485826002,1
93.2184429,2.79081133919844,1
93.3328507,2.7663734115347,1
93.4344913,2.74682306940371,1
93.5648835,2.71749755620723,1
93.6888488,2.70772238514174,1
93.8120421,2.70772238514174,1
93.9384926,2.72727272727273,1
94.0605721,2.71749755620723,1
94.1636135,2.71260997067449,1
94.285555,2.70283479960899,1
94.3999005,2.6930596285435,1
94.5263358,2.67839687194526,1
94.638035,2.66862170087977,1
94.7494165,2.65884652981427,1
94.8578508,2.65395894428152,1
94.9680036,2.65884652981427,1
95.0764805,2.65395894428152,1
95.1909716,2.69794721407625,1
95.3276428,2.65884652981427,1
95.4324541,2.64907135874878,1
95.5414328,2.64418377321603,1
95.6567242,2.6099706744868,1
95.7623922,2.57086999022483,1
95.8782719,2.56109481915934,1
95.9781459,2.56109481915934,1
96.0941598,2.55131964809384,1
96.2082023,2.54643206256109,1
96.3123573,2.54154447702835,1
96.435587,2.53176930596285,1
96.5511143,2.52688172043011,1
96.6644661,2.52199413489736,1
96.7730035,2.52199413489736,1
96.8955681,2.52199413489736,1
97.0182296,2.52688172043011,1
97.1367605,2.52688172043011,1
97.2577473,2.52199413489736,1
97.3616197,2.52199413489736,1
97.4768669,2.52199413489736,1
97.5925401,2.51710654936461,1
97.6989032,2.51221896383187,1
97.8082581,2.53176930596285,1
97.9200871,2.55620723362659,1
98.0355978,2.62952101661779,1
98.154922,2.70283479960899,1
98.2748607,2.74193548387097,1
98.38706,2.7663734115347,1
98.4984067,2.8396871945259,1
98.6243763,2.85923753665689,1
98.7264242,2.87390029325513,1
98.8505281,2.85923753665689,1
98.9710566,2.80058651026393,1
99.1033253,2.75171065493646,1
99.2116521,2.73216031280547,1
99.3165916,2.71260997067449,1
99.4237008,2.71260997067449,1
99.5378593,2.70283479960899,1
99.6685285,2.70772238514174,1
99.777155,2.70772238514174,1
99.9013478,2.68817204301075,1
100.006769,2.70283479960899,1
100.1115425,2.72727272727273,1
100.2154762,2.70772238514174,1
100.3333708,2.71260997067449,1
100.4500585,2.70283479960899,1
100.56427,2.71749755620723,1
100.6659191,2.72238514173998,1
100.778125,2.69794721407625,1
100.8967116,2.68328445747801,1
101.0093385,2.68817204301075,1
101.1401554,2.65884652981427,1
101.266542,2.64907135874878,1
101.3645595,2.62463343108504,1
101.4765818,2.6099706744868,1
101.5937969,2.60019550342131,1
101.7062459,2.59530791788856,1
101.8192584,2.6099706744868,1
101.9283537,2.65395894428152,1
102.036755,2.6930596285435,1
102.1382967,2.78592375366569,1
102.255459,2.82991202346041,1
102.3679655,2.83479960899316,1
102.4965547,2.8494623655914,1
102.6174624,2.87390029325513,1
102.7261262,2.88367546432063,1
102.8253964,2.85923753665689,1
102.9563828,2.8494623655914,1
103.0753543,2.81036168132942,1
103.1964648,2.7761485826002,1
103.2953654,2.75659824046921,1
103.4035051,2.73216031280547,1
103.5066119,2.70772238514174,1
103.6143622,2.6930596285435,1
103.7233175,2.69794721407625,1
103.8361085,2.68817204301075,1
103.9554011,2.67350928641251,1
104.0702354,2.71260997067449,1
104.1873154,2.70772238514174,1
104.2910644,2.68817204301075,1
104.4094659,2.6930596285435,1
104.5651436,2.61485826001955,1
104.6936139,2.58553274682307,1
104.8566634,2.58064516129032,1
104.9583383,2.56598240469208,1
105.0741282,2.56109481915934,1
105.1813457,2.55131964809384,1
105.3043971,2.56598240469208,1
105.4050537,2.55620723362659,1
105.5120728,2.55620723362659,1
105.6620227,2.54643206256109,1
105.7840323,2.55620723362659,1
105.8990961,2.63929618768328,1
106.0065659,2.67839687194526,1
106.1173313,2.6930596285435,1
106.2303234,2.72238514173998,1
106.3374277,2.78592375366569,1
106.4393418,2.82502443792766,1
106.5463928,2.83479960899316,1
106.6414694,2.86412512218964,1
106.7467356,2.86901270772239,1
106.8613808,2.85923753665689,1
106.9627826,2.80058651026393,1
107.0758825,2.74193548387097,1
107.2009584,2.71749755620723,1
107.3198748,2.68328445747801,1
107.4410211,2.67350928641251,1
107.5406823,2.66373411534702,1
107.6393483,2.66862170087977,1
107.7557756,2.68328445747801,1
107.8864963,2.69794721407625,1
107.9916442,2.68817204301075,1
108.0908818,2.68817204301075,1
108.201124,2.68328445747801,1
108.3113499,2.70772238514174,1
108.4336108,2.6930596285435,1
108.545144,2.67839687194526,1
108.6683139,2.66862170087977,1
108.7807679,2.66862170087977,1
108.9064678,2.65884652981427,1
109.0299249,2.65884652981427,1
109.125821,2.63929618768328,1
109.2278486,2.65395894428152,1
109.3297344,2.64907135874878,1
109.4435715,2.66373411534702,1
109.5596944,2.64418377321603,1
109.7013956,2.66373411534702,1
109.8030764,2.64418377321603,1
109.9181421,2.64907135874878,1
110.0733885,2.62952101661779,1
110.2088331,2.62952101661779,1
110.3180427,2.63929618768328,1
110.4352569,2.63440860215054,1
110.5501495,2.64418377321603,1
110.6475177,2.63929618768328,1
110.7732254,2.62952101661779,1
110.8841681,2.65884652981427,1
110.9832633,2.70772238514174,1
111.1037315,2.72238514173998,1
111.2272893,2.73216031280547,1
111.3379497,2.70283479960899,1
111.4559965,2.75171065493646,1
111.5704177,2.7761485826002,1
111.6865534,2.79569892473118,1
111.7964649,2.80547409579668,1
111.9124188,2.78103616813294,1
112.0334452,2.7761485826002,1
112.1503689,2.76148582600195,1
112.2808079,2.7663734115347,1
112.3932413,2.75659824046921,1
112.5211764,2.76148582600195,1
112.6464734,2.64907135874878,1
112.7570384,2.64907135874878,1
112.8635938,2.64418377321603,1
112.9764282,2.61485826001955,1
113.0951522,2.61485826001955,1
113.2120883,2.60019550342131,1
113.3258106,2.54643206256109,1
113.4342768,2.5366568914956,1
113.5510095,2.53176930596285,1
113.6510247,2.51221896383187,1
113.773963,2.55620723362659,1
113.8920469,2.59530791788856,1
113.9967457,2.71749755620723,1
114.107975,2.76148582600195,1
114.2389142,2.77126099706745,1
114.3344765,2.76148582600195,1
114.5042241,2.80058651026393,1
114.6230516,2.82502443792766,1
114.7573575,2.81036168132942,1
114.8905645,2.85434995112414,1
115.0195745,2.81036168132942,1
115.1394708,2.7663734115347,1
115.2249842,2.74682306940371,1
115.2899936,2.70772238514174,1
115.3553614,2.69794721407625,1
115.4451421,2.70283479960899,1
115.5059147,2.73216031280547,1
115.5766689,2.70772238514174,1
115.6447373,2.68328445747801,1
115.7107245,2.74682306940371,1
115.788831,2.69794721407625,1
115.8572029,2.68817204301075,1
115.9324359,2.69794721407625,1
115.9880484,2.67839687194526,1
116.0415856,2.63929618768328,1
116.0970148,2.63929618768328,1
116.1683979,2.63929618768328,1
116.2320794,2.66373411534702,1
116.2965007,2.65395894428152,1
116.3614317,2.64418377321603,1
116.4247442,2.63440860215054,1
116.4876273,2.6197458455523,1
116.5650218,2.6099706744868,1
116.6322552,2.6099706744868,1
116.6980466,2.59530791788856,1
116.7635772,2.59042033235582,1
116.8255954,2.59530791788856,1
116.89226,2.57575757575758,1
116.9614263,2.56109481915934,1
117.0603219,2.57575757575758,1
117.2002236,2.55620723362659,1
117.2883197,2.53176930596285,1
117.4023032,2.54643206256109,1
117.5397661,2.56109481915934,1
117.6646365,2.59530791788856,1
117.7934541,2.58553274682307,1
117.9274903,2.66373411534702,1
118.0592793,2.56598240469208,1
118.172684,2.5366568914956,1
118.3005169,2.52199413489736,1
118.420308,2.49755620723363,1
118.5380201,2.49755620723363,1
118.6667465,2.48778103616813,1
118.7920874,2.48289345063539,1
118.905765,2.49755620723363,1
119.0153375,2.48778103616813,1
119.1390008,2.46823069403715,1
119.2517437,2.53176930596285,1
119.3562507,2.58553274682307,1
119.4655375,2.62952101661779,1
119.586667,2.67350928641251,1
119.7080541,2.6930596285435,1
119.8167362,2.7663734115347,1
119.9436115,2.7761485826002,1
120.0590001,2.75171065493646,1
120.1700647,2.78592375366569,1
120.2786761,2.79081133919844,1
120.3822915,2.7761485826002,1
120.505755,2.79081133919844,1
120.6156703,2.79081133919844,1
120.7361328,2.75171065493646,1
120.8463006,2.74682306940371,1
120.9582813,2.72727272727273,1
121.0579389,2.72238514173998,1
121.1818203,2.72238514173998,1
121.3008357,2.75171065493646,1
121.4203234,2.75659824046921,1
121.5217149,2.74682306940371,1
121.627558,2.74682306940371,1
121.7337951,2.78103616813294,1
121.850779,2.74682306940371,1
121.9550356,2.74193548387097,1
122.0777992,2.73216031280547,1
122.2018048,2.70772238514174,1
122.2998892,2.70772238514174,1
122.4219791,2.70772238514174,1
122.5373607,2.71749755620723,1
122.6630761,2.71749755620723,1
122.7760892,2.74193548387097,1
122.8822904,2.71260997067449,1
122.9810022,2.68817204301075,1
123.0826774,2.67839687194526,1
123.214167,2.66373411534702,1
123.3510306,2.64418377321603,1
123.4668004,2.64907135874878,1
123.5950809,2.67839687194526,1
123.7122193,2.66862170087977,1
123.8346369,2.65395894428152,1
123.9521001,2.64907135874878,1
124.0757138,2.66373411534702,1
124.1831545,2.67350928641251,1
124.308097,2.7761485826002,1
124.4058675,2.82013685239492,1
124.5192443,2.89345063538612,1
124.6283085,2.88367546432063,1
124.7460007,2.90322580645161,1
124.8781189,2.91300097751711,1
124.9912926,2.96187683284457,1
125.1081495,2.95210166177908,1
125.2276153,2.93255131964809,1
125.3417111,2.89345063538612,1
125.4498165,2.89345063538612,1
125.5568866,2.87390029325513,1
125.6700663,2.85923753665689,1
125.7830255,2.8494623655914,1
125.9068044,2.8494623655914,1
126.0219497,2.8494623655914,1
126.1334112,2.85434995112414,1
126.2458531,2.87878787878788,1
126.3616219,2.85923753665689,1
126.491152,2.85923753665689,1
126.6166821,2.87390029325513,1
126.7465593,2.88367546432063,1
126.8669089,2.86412512218964,1
126.9937163,2.88856304985337,1
127.124175,2.89345063538612,1
127.2526152,2.88856304985337,1
127.376882,2.81036168132942,1
127.513133,2.75659824046921,1
127.64883,2.70772238514174,1
127.7835587,2.67839687194526,1
127.9259064,2.65884652981427,1
128.043447,2.62952101661779,1
128.1666122,2.6197458455523,1
128.2820112,2.60508308895406,1
128.4157584,2.60019550342131,1
128.5351524,2.60019550342131,1
128.6395027,2.60019550342131,1
128.787091,2.58553274682307,1
128.8972548,2.61485826001955,1
129.0175626,2.66373411534702,1
129.1495993,2.73704789833822,1
129.2911252,2.7761485826002,1
129.4186572,2.82013685239492,1
129.5570803,2.86901270772239,1
129.6827291,2.87878787878788,1
129.8171934,2.88856304985337,1
129.9471128,2.89833822091887,1
130.0655586,2.86901270772239,1
130.1705829,2.82991202346041,1
130.280799,2.82502443792766,1
130.3975969,2.81036168132942,1
130.5254367,2.81036168132942,1
130.645445,2.80547409579668,1
130.7672726,2.80547409579668,1
130.9054472,2.90322580645161,1
131.0323518,2.9227761485826,1
131.1587779,2.90811339198436,1
131.2704043,2.87390029325513,1
131.4014132,2.88856304985337,1
131.5199611,2.93255131964809,1
131.6653054,2.87390029325513,1
131.7981883,2.75659824046921,1
131.9202701,2.73704789833822,1
132.0166004,2.81524926686217,1
132.1259632,2.85923753665689,1
132.219782,2.87878787878788,1
132.3235984,2.92766373411535,1
132.4332793,2.93255131964809,1
132.5164058,2.95698924731183,1
132.6543655,2.94232649071359,1
132.7716396,2.89345063538612,1
132.8553278,2.86412512218964,1
132.9763697,2.80547409579668,1
133.0817191,2.79081133919844,1
133.1897329,2.75171065493646,1
133.2989084,2.74193548387097,1
133.4217221,2.72727272727273,1
133.5214867,2.72238514173998,1
133.613647,2.72238514173998,1
133.7315561,2.73704789833822,1
133.859732,2.75659824046921,1
133.9834266,2.7663734115347,1
134.0715721,2.78103616813294,1
134.1845288,2.73216031280547,1
134.3095372,2.72727272727273,1
134.4330647,2.73216031280547,1
134.5540412,2.81036168132942,1
134.6744969,2.9227761485826,1
134.790428,2.6930596285435,1
134.9124119,2.63929618768328,1
135.0279556,2.63929618768328,1
135.1330531,2.66862170087977,1
135.2404801,2.5366568914956,1
135.3649188,2.56109481915934,1
135.4790669,2.5366568914956,1
135.581074,2.51221896383187,1
135.6825011,2.59530791788856,1
135.8166724,2.64418377321603,1
135.944315,2.64907135874878,1
136.0908466,2.71260997067449,1
136.1965921,2.74193548387097,1
136.3342402,2.75171065493646,1
136.4457398,2.71260997067449,1
136.5865902,2.74193548387097,1
136.7094549,2.75659824046921,1
136.8459994,2.73704789833822,1
136.9643049,2.68328445747801,1
137.0844834,2.65395894428152,1
137.21904,2.63929618768328,1
137.3319679,2.64418377321603,1
137.4712973,2.62952101661779,1
137.57976,2.62463343108504,1
137.7048725,2.6197458455523,1
137.82142,2.62463343108504,1
137.9218549,2.6099706744868,1
138.0338882,2.6197458455523,1
138.1581208,2.62952101661779,1
138.2895364,2.64907135874878,1
138.3983534,2.64418377321603,1
138.5170013,2.6197458455523,1
138.6327697,2.6099706744868,1
138.7422243,2.60508308895406,1
138.8497051,2.6197458455523,1
138.9678548,2.59530791788856,1
139.0856697,2.60508308895406,1
139.1921995,2.57575757575758,1
139.30687,2.57086999022483,1
139.4300688,2.57086999022483,1
139.5352421,2.58064516129032,1
139.6588417,2.6099706744868,1
139.7744159,2.59530791788856,1
139.890271,2.62952101661779,1
139.9852332,2.70772238514174,1
140.0875543,2.80547409579668,1
140.2114845,2.78103616813294,1
140.3265298,2.71260997067449,1
140.4259395,2.69794721407625,1
140.5191217,2.66373411534702,1
140.6231195,2.65395894428152,1
140.7300165,2.66862170087977,1
140.8309861,2.66373411534702,1
140.9436143,2.66862170087977,1
141.0638174,2.67839687194526,1
141.176991,2.66373411534702,1
141.2707131,2.67839687194526,1
141.3792684,2.68328445747801,1
141.4963795,2.66862170087977,1
141.5941186,2.65395894428152,1
141.6935583,2.65395894428152,1
141.817739,2.65395894428152,1
141.9359619,2.64418377321603,1
142.0634791,2.64907135874878,1
142.2110751,2.63440860215054,1
142.3273004,2.62952101661779,1
142.4378108,2.63929618768328,1
142.5356926,2.66373411534702,1
142.6340338,2.65884652981427,1
142.7271475,2.65884652981427,1
142.8107968,2.67839687194526,1
142.9024053,2.67839687194526,1
142.9940565,2.67350928641251,1
143.108854,2.66373411534702,1
143.2211427,2.65395894428152,1
143.3190689,2.65884652981427,1
143.4530635,2.64907135874878,1
143.5777535,2.64907135874878,1
143.6973208,2.63929618768328,1
143.79623,2.63929618768328,1
143.8954905,2.63929618768328,1
144.0058097,2.63929618768328,1
144.1339315,2.62952101661779,1
144.2603498,2.62463343108504,1
144.3550489,2.62463343108504,1
144.4613634,2.61485826001955,1
144.6252453,2.6099706744868,1
144.7465919,2.62463343108504,1
144.8417305,2.61485826001955,1
144.9539986,2.6099706744868,1
145.0916782,2.60508308895406,1
145.2100445,2.60508308895406,1
145.3385262,2.62952101661779,1
145.4555327,2.66862170087977,1
145.5913269,2.71749755620723,1
145.7209822,2.71749755620723,1
145.8398552,2.74193548387097,1
145.9564237,2.72727272727273,1
146.0737199,2.70772238514174,1
146.1878265,2.71260997067449,1
146.3104795,2.71260997067449,1
146.4389524,2.68328445747801,1
146.5597412,2.67350928641251,1
146.6664621,2.65884652981427,1
146.802214,2.63929618768328,1
146.9532471,2.63929618768328,1
147.061685,2.62952101661779,1
147.1790566,2.63929618768328,1
147.2713833,2.62463343108504,1
147.3673003,2.6197458455523,1
147.4868898,2.61485826001955,1
147.617061,2.62952101661779,1
147.7493493,2.64418377321603,1
147.8519317,2.63929618768328,1
147.9644778,2.61485826001955,1
148.0713308,2.6099706744868,1
148.1870502,2.60019550342131,1
148.3476343,2.59530791788856,1
148.4764414,2.59042033235582,1
148.5712099,2.58064516129032,1
148.6686558,2.57575757575758,1
148.7735518,2.57575757575758,1
148.8911864,2.57086999022483,1
149.009108,2.56109481915934,1
149.1179046,2.55620723362659,1
149.2107565,2.55620723362659,1
149.3094053,2.55131964809384,1
149.4252567,2.57575757575758,1
149.5448966,2.56598240469208,1
149.6612762,2.56598240469208,1
149.7873942,2.62463343108504,1
149.9028244,2.59530791788856,1
150.0123974,2.57086999022483,1
150.1228348,2.56109481915934,1
150.2399106,2.55620723362659,1
150.345542,2.57575757575758,1
150.4680137,2.6099706744868,1
150.5812813,2.60019550342131,1
150.6940039,2.61485826001955,1
150.7986648,2.56109481915934,1
150.8950115,2.55131964809384,1
150.9982959,2.57086999022483,1
151.1249417,2.6099706744868,1
151.2550008,2.65395894428152,1
151.3583995,2.76148582600195,1
151.5398274,2.7663734115347,1
151.6777086,2.84457478005865,1
151.7799238,2.90322580645161,1
151.8893211,2.88856304985337,1
151.9977109,2.93255131964809,1
152.1294431,2.87390029325513,1
152.2463537,2.82502443792766,1
152.3504169,2.8494623655914,1
152.4711708,2.77126099706745,1
152.565949,2.6930596285435,1
152.6728118,2.75171065493646,1
152.7721127,2.86901270772239,1
152.8714132,2.95210166177908,1
152.9629262,3.01075268817204,1
153.0536965,3.03519061583578,1
153.1486774,2.98631476050831,1
153.2559651,2.93255131964809,1
153.3643365,2.89833822091887,1
153.4690394,2.89833822091887,1
153.5715211,2.88856304985337,1
153.6712857,2.90811339198436,1
153.7652613,2.87390029325513,1
153.871112,2.81036168132942,1
153.9908344,2.80547409579668,1
154.0892299,2.81036168132942,1
154.1997524,2.74193548387097,1
154.3184573,2.65395894428152,1
154.4289778,2.65395894428152,1
154.5336969,2.62952101661779,1
154.6463552,2.64418377321603,1
154.7773641,2.64418377321603,1
154.9099951,2.70283479960899,1
155.0095077,2.72238514173998,1
155.1102763,2.72727272727273,1
155.2229841,2.79569892473118,1
155.3404407,2.8396871945259,1
155.4511765,2.8396871945259,1
155.585315,2.83479960899316,1
155.7303024,2.95210166177908,1
155.8628654,2.96187683284457,1
155.9794308,2.9960899315738,1
156.0907856,2.99120234604106,1
156.2345943,2.9960899315738,1
156.3854945,2.97653958944282,1
156.4900545,2.9227761485826,1
156.6139635,2.89833822091887,1
156.7470384,2.93255131964809,1
156.9231181,2.91788856304985,1
157.0527858,2.89833822091887,1
157.1910221,2.90811339198436,1
157.2955129,2.8494623655914,1
157.3803461,2.81524926686217,1
157.4475329,2.81036168132942,1
157.5273189,2.79569892473118,1
157.5918159,2.81524926686217,1
157.6645766,2.79081133919844,1
157.7450382,2.75659824046921,1
157.8214435,2.73704789833822,1
157.878512,2.73704789833822,1
157.9431652,2.72727272727273,1
158.0089254,2.71749755620723,1
158.0693235,2.71260997067449,1
158.1307345,2.68328445747801,1
158.1969493,2.65395894428152,1
158.2608567,2.65395894428152,1
158.3256142,2.67839687194526,1
158.3908246,2.65395894428152,1
158.4535653,2.65395894428152,1
158.5169965,2.63440860215054,1
158.57872,2.6099706744868,1
158.637373,2.62952101661779,1
158.7028789,2.67839687194526,1
158.7680693,2.65395894428152,1
158.8535587,2.63929618768328,1
159.0121921,2.6099706744868,1
159.1123126,2.64418377321603,1
159.2173243,2.58553274682307,1
159.3278645,2.56598240469208,1
159.4654452,2.61485826001955,1
159.5644854,2.60019550342131,1
159.6598621,2.59530791788856,1
159.7697881,2.60019550342131,1
159.884428,2.65884652981427,1
159.9975605,2.6197458455523,1
160.1070916,2.6197458455523,1
160.2042535,2.59530791788856,1
160.3296675,2.65395894428152,1
160.4552669,2.60508308895406,1
160.5955205,2.62463343108504,1
160.7342477,2.63929618768328,1
160.8801054,2.64907135874878,1
161.023878,2.57575757575758,1
161.1256801,2.54643206256109,1
161.2535368,2.63929618768328,1
161.3841785,2.60508308895406,1
161.5089412,2.57575757575758,1
161.6727863,2.62952101661779,1
161.8023906,2.64907135874878,1
161.9150176,2.63440860215054,1
162.0381724,2.58553274682307,1
162.1431702,2.54154447702835,1
162.2448361,2.51221896383187,1
162.3705051,2.50733137829912,1
162.4954977,2.49755620723363,1
162.6098457,2.54643206256109,1
162.7487946,2.58553274682307,1
162.8694256,2.6099706744868,1
162.9876977,2.64907135874878,1
163.1050203,2.68328445747801,1
163.2220671,2.71260997067449,1
163.3522997,2.73216031280547,1
163.5011696,2.71749755620723,1
163.633677,2.67350928641251,1
163.7323912,2.65395894428152,1
163.8486817,2.65395894428152,1
163.9377407,2.66373411534702,1
164.0226646,2.66373411534702,1
164.1300271,2.66373411534702,1
164.213559,2.65884652981427,1
164.3147916,2.65884652981427,1
164.4445443,2.65395894428152,1
164.5658576,2.66373411534702,1
164.6710058,2.63440860215054,1
164.8004972,2.6197458455523,1
164.9212865,2.60508308895406,1
165.019704,2.59530791788856,1
165.1260121,2.60508308895406,1
165.239333,2.6099706744868,1
165.3539576,2.65395894428152,1
165.4762231,2.67839687194526,1
165.594684,2.70283479960899,1
165.7030503,2.71749755620723,1
165.8284992,2.71260997067449,1
165.9498364,2.69794721407625,1
166.0646209,2.69794721407625,1
166.1865223,2.68328445747801,1
166.3493287,2.68328445747801,1
166.4767332,2.61485826001955,1
166.6058645,2.66862170087977,1
166.7262019,2.78103616813294,1
166.8541315,2.85923753665689,1
166.9921854,2.86412512218964,1
167.0939334,2.82991202346041,1
167.2189286,2.80547409579668,1
167.3469112,2.78592375366569,1
167.4821688,2.75171065493646,1
167.6409753,2.72238514173998,1
167.7362955,2.70283479960899,1
167.8458144,2.69794721407625,1
167.9522893,2.6930596285435,1
168.0656156,2.6930596285435,1
168.188847,2.67839687194526,1
168.3027881,2.68817204301075,1
168.418944,2.6930596285435,1
168.562962,2.68817204301075,1
168.7039502,2.70283479960899,1
168.8239145,2.68817204301075,1
168.9459636,2.6930596285435,1
169.0427713,2.6930596285435,1
169.1759959,2.68328445747801,1
169.2787043,2.6930596285435,1
169.409486,2.70772238514174,1
169.5557536,2.68328445747801,1
169.6771889,2.66862170087977,1
169.7917758,2.66862170087977,1
169.8997403,2.65395894428152,1
170.0355109,2.62952101661779,1
170.1563793,2.63440860215054,1
170.2877397,2.64418377321603,1
170.4041447,2.63929618768328,1
170.5174113,2.61485826001955,1
170.6372275,2.61485826001955,1
170.764882,2.59530791788856,1
170.8909106,2.57575757575758,1
170.9900426,2.58064516129032,1
171.0907088,2.64907135874878,1
171.1912983,2.67350928641251,1
171.3055332,2.75171065493646,1
171.4133784,2.75659824046921,1
171.5293205,2.82013685239492,1
171.6369704,2.82991202346041,1
171.7528805,2.80058651026393,1
171.8511949,2.78103616813294,1
171.9667737,2.7663734115347,1
172.0784836,2.74193548387097,1
172.1810771,2.74682306940371,1
172.2818157,2.74193548387097,1
172.3897388,2.74193548387097,1
172.4988729,2.75659824046921,1
172.6359359,2.79569892473118,1
172.7552116,2.76148582600195,1
172.87329,2.74682306940371,1
172.9805614,2.76148582600195,1
173.1161768,2.75171065493646,1
173.232737,2.80058651026393,1
173.3402073,2.78103616813294,1
173.4409182,2.77126099706745,1
173.5352715,2.78592375366569,1
173.6515902,2.78103616813294,1
173.7693396,2.62952101661779,1
173.8766994,2.68328445747801,1
173.9966062,2.57086999022483,1
174.1190985,2.60508308895406,1
174.2264934,2.57575757575758,1
174.3342167,2.53176930596285,1
174.4314328,2.50244379276637,1
174.5309377,2.75171065493646,1
174.6311076,2.7761485826002,1
174.7147346,2.7761485826002,1
174.824077,2.71749755620723,1
174.9310124,2.68328445747801,1
175.0285512,2.68328445747801,1
175.1459473,2.69794721407625,1
175.2665591,2.66862170087977,1
175.3834623,2.71749755620723,1
175.4893399,2.83479960899316,1
175.5950533,2.80547409579668,1
175.692852,2.68328445747801,1
175.786232,2.60508308895406,1
175.8871524,2.56109481915934,1
175.9856179,2.64907135874878,1
176.1011878,2.69794721407625,1
176.1986074,2.67350928641251,1
176.3066141,2.66373411534702,1
176.4065544,2.61485826001955,1
176.5238483,2.67350928641251,1
176.6222554,2.69794721407625,1
176.7163148,2.67839687194526,1
176.8322956,2.63929618768328,1
176.9410458,2.61485826001955,1
177.0495989,2.60019550342131,1
177.1501884,2.60019550342131,1
177.2557476,2.59042033235582,1
177.3582684,2.57575757575758,1
177.4599815,2.56598240469208,1
177.58466,2.56598240469208,1
177.6972682,2.62463343108504,1
177.798813,2.73216031280547,1
177.8962304,2.59042033235582,1
178.0056638,2.49755620723363,1
178.0980942,2.44868035190616,1
178.1998231,2.37536656891496,1
178.2990985,2.34115347018573,1
178.4176232,2.39491691104594,1
178.5349955,2.6197458455523,1
178.6402334,2.65395894428152,1
178.725938,2.80058651026393,1
178.8313835,2.89833822091887,1
178.9239071,2.9227761485826,1
179.0157073,2.8494623655914,1
179.1072363,2.86412512218964,1
179.2068077,2.81524926686217,1
179.3094277,2.8494623655914,1
179.4175111,2.84457478005865,1
179.5361579,2.82013685239492,1
179.6551737,2.90322580645161,1
179.7660594,2.91300097751711,1
179.8750078,2.88856304985337,1
180.0138389,2.8494623655914,1
180.1222949,2.92766373411535,1
180.2314551,2.8494623655914,1
180.3343063,2.85923753665689,1
180.4393085,2.85434995112414,1
180.5623148,2.79081133919844,1
180.6560363,2.73216031280547,1
180.7389856,2.73704789833822,1
180.8467015,2.54154447702835,1
180.9443577,2.47800586510264,1
181.0368598,2.56109481915934,1
181.119087,2.50733137829912,1
181.2120013,2.53176930596285,1
181.3274626,2.48778103616813,1
181.4252094,2.52688172043011,1
181.5467819,2.49266862170088,1
181.6662104,2.50733137829912,1
181.7748137,2.57575757575758,1
181.8629374,2.64907135874878,1
181.9517406,2.60508308895406,1
182.0460207,2.6099706744868,1
182.1528735,2.66373411534702,1
182.2367011,2.71749755620723,1
182.3462082,2.68328445747801,1
182.4548915,2.68328445747801,1
182.5524033,2.68817204301075,1
182.6383751,2.66373411534702,1
182.7400018,2.63440860215054,1
182.8540267,2.66862170087977,1
182.962436,2.71749755620723,1
183.0621675,2.68328445747801,1
183.1841725,2.66373411534702,1
183.2710271,2.66373411534702,1
183.3714894,2.65395894428152,1
183.4735644,2.64907135874878,1
183.5696397,2.64418377321603,1
183.6712938,2.63929618768328,1
183.7877142,2.62952101661779,1
183.8944109,2.62463343108504,1
184.0039857,2.62952101661779,1
184.1124401,2.65395894428152,1
184.2122856,2.64907135874878,1
184.3129889,2.63440860215054,1
184.4213207,2.62463343108504,1
184.5036812,2.63440860215054,1
184.604464,2.65395894428152,1
184.727782,2.6197458455523,1
184.8258533,2.6099706744868,1
184.9476159,2.61485826001955,1
185.0597717,2.60508308895406,1
185.1762635,2.6197458455523,1
185.3104811,2.6099706744868,1
185.4415223,2.59530791788856,1
185.5605388,2.60019550342131,1
185.686983,2.64418377321603,1
185.8228907,2.72238514173998,1
185.9445729,2.6930596285435,1
186.0709174,2.72727272727273,1
186.1889475,2.74193548387097,1
186.2828429,2.67839687194526,1
186.3700308,2.66373411534702,1
186.4690404,2.64907135874878,1
186.5817091,2.65395894428152,1
186.6803168,2.63440860215054,1
186.8069296,2.6197458455523,1
186.9233031,2.67839687194526,1
187.0207722,2.67839687194526,1
187.1232081,2.68328445747801,1
187.222195,2.69794721407625,1
187.3293325,2.67839687194526,1
187.4444216,2.68328445747801,1
187.5733674,2.66373411534702,1
187.7103241,2.66373411534702,1
187.8246458,2.67350928641251,1
187.9702053,2.65884652981427,1
188.1122253,2.65884652981427,1
188.2375222,2.66373411534702,1
188.3531911,2.62952101661779,1
188.4620755,2.60508308895406,1
188.5770175,2.64907135874878,1
188.6808228,2.63440860215054,1
188.8022689,2.6099706744868,1
188.9080399,2.62463343108504,1
189.0210474,2.64418377321603,1
189.1328809,2.6930596285435,1
189.2328945,2.72238514173998,1
189.3414724,2.82991202346041,1
189.4579152,2.80058651026393,1
189.5733554,2.8494623655914,1
189.7051355,2.94232649071359,1
189.8209597,2.98631476050831,1
189.9407455,2.87878787878788,1
190.0440117,3.00097751710655,1
190.1614856,2.95210166177908,1
190.2843117,2.91300097751711,1
190.4120444,2.94721407624633,1
190.5345215,2.91788856304985,1
190.6352442,2.7761485826002,1
190.7470618,2.73216031280547,1
190.8382742,2.72727272727273,1
190.9398227,2.72238514173998,1
191.0485582,2.62463343108504,1
191.1867433,2.50244379276637,1
191.2994322,2.39980449657869,1
191.4195631,2.37536656891496,1
191.544525,2.31182795698925,1
191.6505322,2.30205278592375,1
191.7688565,2.32160312805474,1
191.8818898,2.28739002932551,1
191.984962,2.40469208211144,1
192.0940311,2.63929618768328,1
192.2019496,2.7761485826002,1
192.3036637,2.91788856304985,1
192.4163639,2.90322580645161,1
192.5251838,2.83479960899316,1
192.6329926,2.82502443792766,1
192.7408184,2.82991202346041,1
192.8411578,2.91300097751711,1
192.9569256,2.89833822091887,1
193.0701008,2.92766373411535,1
193.1714853,2.98631476050831,1
193.2745248,2.96187683284457,1
193.3807725,2.85923753665689,1
193.4841671,2.86412512218964,1
193.5885759,2.81524926686217,1
193.6918603,2.84457478005865,1
193.7980925,2.80058651026393,1
193.913916,2.73704789833822,1
194.0257207,2.82991202346041,1
194.1223247,2.83479960899316,1
194.22316,2.73216031280547,1
194.3390128,2.68328445747801,1
194.4295654,2.68328445747801,1
194.5456715,2.72727272727273,1
194.6470244,2.69794721407625,1
194.7626499,2.65395894428152,1
194.8627973,2.63440860215054,1
194.9868922,2.66373411534702,1
195.0696384,2.62952101661779,1
195.1718865,2.6099706744868,1
195.2640136,2.61485826001955,1
195.387042,2.61485826001955,1
195.4972602,2.64907135874878,1
195.5953546,2.67350928641251,1
195.7052135,2.70283479960899,1
195.7950932,2.75171065493646,1
195.9109686,2.81036168132942,1
195.9940394,2.79569892473118,1
196.0861034,2.82013685239492,1
196.2053555,2.80058651026393,1
196.3226393,2.80058651026393,1
196.4399897,2.81036168132942,1
196.5387651,2.80547409579668,1
196.6408563,2.77126099706745,1
196.7575315,2.75171065493646,1
196.8498163,2.74682306940371,1
196.9656388,2.73704789833822,1
197.0661617,2.73704789833822,1
197.1837074,2.73704789833822,1
197.2908706,2.73216031280547,1
197.4002675,2.72727272727273,1
197.517148,2.72238514173998,1
197.6214834,2.73216031280547,1
197.7160425,2.74193548387097,1
197.815439,2.73216031280547,1
197.934262,2.75171065493646,1
198.0420571,2.73704789833822,1
198.1487246,2.75171065493646,1
198.2494205,2.73216031280547,1
198.3506102,2.71749755620723,1
198.4496235,2.70772238514174,1
198.5498163,2.69794721407625,1
198.6578039,2.67839687194526,1
198.7623673,2.65395894428152,1
198.8700509,2.64907135874878,1
198.9833921,2.63440860215054,1
199.0909092,2.60508308895406,1
199.199503,2.60508308895406,1
199.3075299,2.59530791788856,1
199.4170473,2.59042033235582,1
199.5246789,2.6099706744868,1
199.6368466,2.62952101661779,1
199.7548266,2.67839687194526,1
199.8560264,2.68328445747801,1
199.9682644,2.71749755620723,1
200.0718479,2.70283479960899,1
200.1942219,2.68328445747801,1
200.3274233,2.66862170087977,1
200.4424529,2.65884652981427,1
200.5666289,2.65395894428152,1
200.6695713,2.65395894428152,1
200.7858065,2.65395894428152,1
200.8952783,2.65884652981427,1
200.9992159,2.65884652981427,1
201.1184588,2.67839687194526,1
201.2335196,2.67350928641251,1
201.3328488,2.68328445747801,1
201.4472405,2.67839687194526,1
201.5686321,2.65395894428152,1
201.6642837,2.65884652981427,1
201.7658513,2.63440860215054,1
201.8894923,2.6099706744868,1
201.9968116,2.57086999022483,1
202.1034355,2.55620723362659,1
202.2193313,2.55620723362659,1
202.3238986,2.54154447702835,1
202.4150624,2.51710654936461,1
202.5265535,2.52688172043011,1
202.6405485,2.49755620723363,1
202.7763478,2.50244379276637,1
202.8856509,2.48289345063539,1
203.000418,2.50733137829912,1
203.1026232,2.47311827956989,1
203.2118438,2.46823069403715,1
203.3252903,2.45845552297165,1
203.427142,2.47800586510264,1
203.5296119,2.45845552297165,1
203.6375244,2.45845552297165,1
203.7539213,2.44868035190616,1
203.8779499,2.44379276637341,1
203.9861572,2.44868035190616,1
204.1042218,2.44379276637341,1
204.2095053,2.44379276637341,1
204.3183236,2.44868035190616,1
204.4101956,2.44868035190616,1
204.5183828,2.45356793743891,1
204.6337165,2.44379276637341,1
204.7375118,2.45356793743891,1
204.8420466,2.45356793743891,1
204.9682539,2.45356793743891,1
205.0869196,2.44868035190616,1
205.1897299,2.44868035190616,1
205.3098974,2.50733137829912,1
205.4164539,2.68328445747801,1
205.5345217,2.64907135874878,1
205.6395418,2.66373411534702,1
205.7557037,2.62463343108504,1
205.8570892,2.59042033235582,1
205.9727193,2.64418377321603,1
206.0714386,2.64418377321603,1
206.1728177,2.6099706744868,1
206.2701519,2.59042033235582,1
206.3817118,2.58553274682307,1
206.4917298,2.58064516129032,1
206.5991668,2.60019550342131,1
206.7053672,2.60508308895406,1
206.8163103,2.65884652981427,1
206.9326939,2.66862170087977,1
207.0471337,2.65884652981427,1
207.1298492,2.59042033235582,1
207.2340968,2.54643206256109,1
207.3435916,2.49755620723363,1
207.4504654,2.48778103616813,1
207.5759508,2.50244379276637,1
207.6830318,2.48289345063539,1
207.7808497,2.48289345063539,1
207.8912937,2.46823069403715,1
208.0130511,2.45845552297165,1
208.1113077,2.46823069403715,1
208.2021637,2.48289345063539,1
208.3132598,2.46823069403715,1
208.4187561,2.45356793743891,1
208.5191669,2.47311827956989,1
208.6358253,2.45356793743891,1
208.7538249,2.43890518084066,1
208.8603352,2.38514173998045,1
208.96127,2.32649071358749,1
209.0712854,2.15542521994135,1
209.1848794,1.84261974584555,1
209.2844295,1.63734115347019,1
209.3862245,1.62756598240469,1
209.4946978,1.72531769305963,1
209.5991055,1.82306940371457,1
209.7336214,1.91593352883675,1
209.8726277,2.03812316715543,1
210.0174887,2.1603128054741,1
210.1719137,2.19452590420332,1
210.3165681,2.17008797653959,1
210.4485176,2.13098729227761,1
210.6095097,2.11143695014663,1
210.7558326,2.11632453567937,1
210.8981437,2.09677419354839,1
211.0283282,2.08699902248289,1
211.1728425,2.07233626588465,1
211.3142068,2.0772238514174,1
211.4319176,2.05278592375367,1
211.553286,2.06744868035191,1
211.6590093,2.06256109481916,1
211.7309178,2.04789833822092,1
211.7898406,2.04301075268817,1
211.8399483,2.04301075268817,1
211.9099599,2.04301075268817,1
211.9756309,2.04301075268817,1
212.0232697,2.04301075268817,1
212.0673914,2.03812316715543,1
212.1266942,2.05278592375367,1
212.1992188,2.06256109481916,1
212.2689716,2.04789833822092,1
212.3529796,2.03323558162268,1
212.4354664,2.04789833822092,1
212.4829613,2.05767350928641,1
212.5507093,2.06256109481916,1
212.598944,2.06256109481916,1
212.6729382,2.09188660801564,1
212.7384113,2.10654936461388,1
212.8038836,2.12121212121212,1
212.8731382,2.12121212121212,1
212.9195286,2.13587487781036,1
212.976755,2.14565004887586,1
213.0510988,2.15542521994135,1
213.1152156,2.17497556207234,1
213.190035,2.17008797653959,1
213.2389346,2.18963831867058,1
213.2862684,2.19452590420332,1
213.3475043,2.20918866080156,1
213.3985151,2.20918866080156,1
213.4531373,2.21407624633431,1
213.5117792,2.24340175953079,1
213.5626705,2.26783968719453,1
213.6314045,2.35092864125122,1
213.6945909,2.46823069403715,1
213.8005634,2.63929618768328,1
213.9341434,2.86412512218964,1
214.0551036,2.88367546432063,1
214.1670914,2.9227761485826,1
214.277675,3.02052785923754,1
214.3833914,3.04985337243402,1
214.478972,3.01564027370479,1
214.5857141,2.97653958944282,1
214.6852243,2.89833822091887,1
214.7870054,2.8494623655914,1
214.9015309,2.8396871945259,1
215.0175706,2.81036168132942,1
215.1259883,2.82991202346041,1
215.2426055,2.79569892473118,1
215.3498419,2.74682306940371,1
215.4737227,2.70283479960899,1
215.5889071,2.67839687194526,1
215.697011,2.63929618768328,1
215.7999854,2.63440860215054,1
215.9247516,2.60019550342131,1
216.0397383,2.58553274682307,1
216.1585479,2.59042033235582,1
216.2837248,2.56598240469208,1
216.3928265,2.52688172043011,1
216.5015012,2.50733137829912,1
216.5970655,2.49755620723363,1
216.713564,2.48778103616813,1
216.8321501,2.50733137829912,1
216.9487133,2.5366568914956,1
217.0703426,2.50244379276637,1
217.1917485,2.49755620723363,1
217.3170475,2.58553274682307,1
217.4331114,2.51221896383187,1
217.5483639,2.51221896383187,1
217.6635377,2.48778103616813,1
217.7830871,2.51710654936461,1
217.9000231,2.53176930596285,1
218.016604,2.50733137829912,1
218.1218386,2.49266862170088,1
218.2530386,2.54154447702835,1
218.3681254,2.50244379276637,1
218.4659212,2.62952101661779,1
218.5820063,2.81036168132942,1
218.6862233,2.68328445747801,1
218.7854612,2.66373411534702,1
218.8911513,2.67839687194526,1
218.9922906,2.71749755620723,1
219.1072482,2.62952101661779,1
219.2076921,2.60508308895406,1
219.3069366,2.64907135874878,1
219.4315492,2.58553274682307,1
219.5580073,2.50244379276637,1
219.6715885,2.42424242424242,1
219.7855413,2.41935483870968,1
219.8866329,2.43890518084066,1
219.9841324,2.41446725317693,1
220.0908736,2.41446725317693,1
220.2184364,2.41446725317693,1
220.3309862,2.38514173998045,1
220.4463588,2.3802541544477,1
220.5763173,2.3802541544477,1
220.7025979,2.3802541544477,1
220.8131491,2.3900293255132,1
220.9149838,2.3802541544477,1
221.0267567,2.3900293255132,1
221.1407783,2.39980449657869,1
221.2468224,2.37047898338221,1
221.3486115,2.36070381231672,1
221.4639292,2.33626588465298,1
221.582891,2.36559139784946,1
221.6973375,2.3900293255132,1
221.8050178,2.39980449657869,1
221.9312327,2.38514173998045,1
222.0385846,2.40469208211144,1
222.1403969,2.40957966764418,1
222.2608697,2.40469208211144,1
222.3783426,2.39980449657869,1
222.4944183,2.39980449657869,1
222.6036999,2.3900293255132,1
222.7113867,2.37536656891496,1
222.8302218,2.37536656891496,1
222.9259087,2.36070381231672,1
223.0430009,2.35581622678397,1
223.147382,2.34115347018573,1
223.2426342,2.35581622678397,1
223.3566868,2.35092864125122,1
223.4649692,2.34604105571848,1
223.5791222,2.34604105571848,1
223.6910395,2.34604105571848,1
223.8080231,2.35581622678397,1
223.9472836,2.36070381231672,1
224.0594163,2.36070381231672,1
224.1690207,2.35092864125122,1
224.2739828,2.34115347018573,1
224.3965263,2.37047898338221,1
224.510798,2.36070381231672,1
224.6194613,2.34115347018573,1
224.7228377,2.33137829912023,1
224.8196483,2.31671554252199,1
224.9209457,2.3069403714565,1
225.0361154,2.31182795698925,1
225.1431563,2.32160312805474,1
225.2530588,2.3069403714565,1
225.358767,2.30205278592375,1
225.4664941,2.30205278592375,1
225.5731508,2.31671554252199,1
225.6654865,2.34604105571848,1
225.7740272,2.36070381231672,1
225.8824561,2.35581622678397,1
225.9824735,2.31182795698925,1
226.0824222,2.32649071358749,1
226.2080087,2.32160312805474,1
226.3128471,2.31182795698925,1
226.39405,2.35581622678397,1
226.5035732,2.37536656891496,1
226.5958855,2.32649071358749,1
226.7174144,2.30205278592375,1
226.8219153,2.29227761485826,1
226.9310377,2.28739002932551,1
227.0323687,2.28250244379277,1
227.1323284,2.29227761485826,1
227.2388314,2.28739002932551,1
227.3582106,2.28250244379277,1
227.4499937,2.28739002932551,1
227.5522372,2.31182795698925,1
227.6588605,2.3069403714565,1
227.7683205,2.30205278592375,1
227.877601,2.31182795698925,1
227.9851302,2.31182795698925,1
228.0863687,2.33137829912023,1
228.2042036,2.34115347018573,1
228.3273267,2.39980449657869,1
228.4400082,2.41446725317693,1
228.5638715,2.32160312805474,1
228.6638393,2.28250244379277,1
228.7692762,2.26783968719453,1
228.8837015,2.36070381231672,1
228.9944904,2.41446725317693,1
229.1180423,2.42424242424242,1
229.2311748,2.45356793743891,1
229.3468824,2.44868035190616,1
229.4761703,2.47800586510264,1
229.5946798,2.44868035190616,1
229.6989944,2.43401759530792,1
229.8045428,2.47800586510264,1
229.9172465,2.54643206256109,1
230.0400956,2.54154447702835,1
230.149321,2.56598240469208,1
230.2664442,2.54643206256109,1
230.3878042,2.5366568914956,1
230.4933449,2.51710654936461,1
230.5990799,2.49755620723363,1
230.7063436,2.50244379276637,1
230.828943,2.48778103616813,1
230.9439252,2.47311827956989,1
231.0596416,2.47311827956989,1
231.164265,2.4633431085044,1
231.2716203,2.42913000977517,1
231.3914587,2.43890518084066,1
231.5095665,2.46823069403715,1
231.6338727,2.40957966764418,1
231.7476074,2.3900293255132,1
231.8635948,2.39491691104594,1
231.9894805,2.37536656891496,1
232.1140544,2.37047898338221,1
232.2349062,2.36559139784946,1
232.3365122,2.36070381231672,1
232.4489611,2.37047898338221,1
232.5668521,2.36070381231672,1
232.6736526,2.37047898338221,1
232.7860825,2.35092864125122,1
232.8938856,2.36070381231672,1
233.012495,2.34115347018573,1
233.1196842,2.33137829912023,1
233.2268358,2.33626588465298,1
233.3489606,2.31182795698925,1
233.4657574,2.32160312805474,1
233.5854499,2.31182795698925,1
233.6914385,2.30205278592375,1
233.8174124,2.3069403714565,1
233.9258232,2.29227761485826,1
234.0247076,2.29227761485826,1
234.1388734,2.28739002932551,1
234.246725,2.28739002932551,1
234.366306,2.28250244379277,1
234.4827398,2.29716520039101,1
234.6034654,2.28250244379277,1
234.7153108,2.54154447702835,1
234.8201992,2.52688172043011,1
234.9335655,2.48778103616813,1
235.0509673,2.53176930596285,1
235.1676703,2.56109481915934,1
235.2830571,2.51710654936461,1
235.3927387,2.48289345063539,1
235.4835104,2.55620723362659,1
235.5838851,2.41446725317693,1
235.6993807,2.35581622678397,1
235.801571,2.53176930596285,1
235.8990441,2.79081133919844,1
236.0170747,2.88856304985337,1
236.1307778,2.98631476050831,1
236.2395637,3.01564027370479,1
236.3474668,3.03519061583578,1
236.4725165,2.93255131964809,1
236.5882147,2.62952101661779,1
236.6820834,2.54643206256109,1
236.7929178,2.50733137829912,1
236.8983054,2.47800586510264,1
237.0062979,2.46823069403715,1
237.1065362,2.48289345063539,1
237.2356043,2.45845552297165,1
237.3474762,2.45356793743891,1
237.4685278,2.42424242424242,1
237.5709438,2.40469208211144,1
237.67775,2.3900293255132,1
237.7892026,2.39491691104594,1
237.8896735,2.3802541544477,1
237.9986991,2.3802541544477,1
238.1033153,2.40469208211144,1
238.2038982,2.39491691104594,1
238.3271397,2.3802541544477,1
238.4430231,2.36559139784946,1
238.5667988,2.34115347018573,1
238.6795442,2.33626588465298,1
238.7881788,2.31671554252199,1
238.9065611,2.31182795698925,1
239.0169116,2.32160312805474,1
239.116677,2.36070381231672,1
239.2142301,2.32160312805474,1
239.3176675,2.33137829912023,1
239.4433782,2.33137829912023,1
239.5533624,2.37047898338221,1
239.659273,2.36559139784946,1
239.7652221,2.38514173998045,1
239.874174,2.3802541544477,1
239.9855731,2.3900293255132,1
240.1012038,2.37536656891496,1
240.2172641,2.36559139784946,1
240.3406348,2.35581622678397,1
240.4541549,2.34115347018573,1
240.5562892,2.32649071358749,1
240.6739892,2.33626588465298,1
240.7878934,2.32649071358749,1
240.910031,2.33137829912023,1
241.0171383,2.33137829912023,1
241.1408335,2.32649071358749,1
241.2728881,2.32160312805474,1
241.3825367,2.32649071358749,1
241.5025534,2.30205278592375,1
241.613559,2.29716520039101,1
241.7235934,2.33137829912023,1
241.8459407,2.29227761485826,1
241.9455285,2.28250244379277,1
242.0759723,2.29227761485826,1
242.2029549,2.28250244379277,1
242.3180116,2.26295210166178,1
242.4408324,2.27272727272727,1
242.5533986,2.26295210166178,1
242.6765984,2.24828934506354,1
242.7883264,2.23851417399804,1
242.9061561,2.21896383186706,1
243.0206593,2.21407624633431,1
243.1285541,2.19941348973607,1
243.2504243,2.20918866080156,1
243.3635289,2.21896383186706,1
243.487773,2.21896383186706,1
243.604215,2.28250244379277,1
243.7137437,2.25317693059629,1
243.8272824,2.24828934506354,1
243.9403035,2.21407624633431,1
244.0635695,2.2238514173998,1
244.1716609,2.20430107526882,1
244.2904919,2.20918866080156,1
244.4185834,2.23851417399804,1
244.5685577,2.20430107526882,1
244.6535807,2.18963831867058,1
244.7245231,2.19941348973607,1
244.7889064,2.19941348973607,1
244.8487576,2.20918866080156,1
244.9075101,2.20430107526882,1
244.9585584,2.19941348973607,1
245.006119,2.19941348973607,1
245.0782621,2.18963831867058,1
245.1276892,2.18963831867058,1
245.1956682,2.17986314760508,1
245.2531415,2.17986314760508,1
245.3181955,2.18475073313783,1
245.3751216,2.17986314760508,1
245.4453257,2.17986314760508,1
245.492081,2.17986314760508,1
245.5571601,2.17986314760508,1
245.6309017,2.1603128054741,1
245.6939565,2.17008797653959,1
245.759176,2.17986314760508,1
245.8106772,2.17497556207234,1
245.8816782,2.1603128054741,1
245.9467271,2.1505376344086,1
246.0059935,2.16520039100684,1
246.0771924,2.15542521994135,1
246.1580079,2.1505376344086,1
246.265769,2.1603128054741,1
246.3963586,2.19452590420332,1
246.5016979,2.31671554252199,1
246.6296546,2.37047898338221,1
246.7356562,2.39980449657869,1
246.8347136,2.42913000977517,1
246.9358952,2.43890518084066,1
247.059007,2.42913000977517,1
247.1767114,2.42913000977517,1
247.297579,2.38514173998045,1
247.4097904,2.29227761485826,1
247.5361703,2.2238514173998,1
247.6387957,2.18475073313783,1
247.7580197,2.10166177908113,1
247.8753732,2.06744868035191,1
247.9830032,2.04789833822092,1
248.0970919,2.06256109481916,1
248.2043113,2.05767350928641,1
248.306324,2.03812316715543,1
248.4044162,2.07233626588465,1
248.5145446,2.09188660801564,1
248.6190252,2.0039100684262,1
248.7201874,1.97947214076246,1
248.8194091,1.9941348973607,1
248.9271876,1.97458455522972,1
249.0203422,2.00879765395894,1
249.119683,2.08211143695015,1
249.2235353,2.08699902248289,1
249.3276031,2.10166177908113,1
249.4404902,2.1603128054741,1
249.5589138,2.1603128054741,1
249.6899483,2.10166177908113,1
249.8166723,2.11143695014663,1
249.9646772,2.11143695014663,1
250.1052802,2.16520039100684,1
250.2363647,2.18963831867058,1
250.363351,2.20918866080156,1
250.4880624,2.27272727272727,1
250.6139355,2.2336265884653,1
250.7118426,2.21407624633431,1
250.837826,2.20918866080156,1
250.9692231,2.24828934506354,1
251.1035533,2.27272727272727,1
251.2295678,2.27761485826002,1
251.3777111,2.31182795698925,1
251.4885116,2.35092864125122,1
251.6442535,2.3069403714565,1
251.7651427,2.27761485826002,1
251.8770363,2.26295210166178,1
251.9806634,2.25317693059629,1
252.0889835,2.24828934506354,1
252.1875745,2.24828934506354,1
252.2980501,2.29227761485826,1
252.4231382,2.31671554252199,1
252.5512984,2.33137829912023,1
252.677758,2.28250244379277,1
252.8132686,2.26783968719453,1
252.9423805,2.31182795698925,1
253.0677228,2.29227761485826,1
253.1641701,2.30205278592375,1
253.2890729,2.27272727272727,1
253.419938,2.25317693059629,1
253.5576987,2.20918866080156,1
253.6702435,2.17986314760508,1
253.7824903,2.17008797653959,1
253.9034406,2.15542521994135,1
254.0304959,2.1603128054741,1
254.1489442,2.15542521994135,1
254.2863778,2.13098729227761,1
254.4257299,2.11632453567937,1
254.5641724,2.13098729227761,1
254.7012863,2.17008797653959,1
254.8172356,2.18475073313783,1
254.9629548,2.19941348973607,1
255.0507322,2.18475073313783,1
255.1772677,2.19452590420332,1
255.3161524,2.18963831867058,1
255.4461651,2.18963831867058,1
255.547193,2.18475073313783,1
255.6534299,2.19452590420332,1
255.7755741,2.2238514173998,1
255.9056366,2.22873900293255,1
256.0321611,2.24828934506354,1
256.1276549,2.25806451612903,1
256.2468081,2.26783968719453,1
256.3642758,2.23851417399804,1
256.47643,2.21896383186706,1
256.5850006,2.21407624633431,1
256.6853036,2.19452590420332,1
256.809633,2.18963831867058,1
256.9314815,2.19941348973607,1
257.0446396,2.20430107526882,1
257.1724465,2.19941348973607,1
257.3069304,2.18963831867058,1
257.4177312,2.17008797653959,1
257.5373897,2.16520039100684,1
257.6550753,2.1505376344086,1
257.7897441,2.18963831867058,1
257.9030587,2.18475073313783,1
258.0286469,2.20918866080156,1
258.1510734,2.21896383186706,1
258.2526953,2.26295210166178,1
258.3666991,2.28739002932551,1
258.4868937,2.30205278592375,1
258.6076897,2.26783968719453,1
258.7132456,2.24340175953079,1
258.8328689,2.2238514173998,1
258.9459539,2.21896383186706,1
259.0549454,2.20918866080156,1
259.1789019,2.20430107526882,1
259.2900272,2.18475073313783,1
259.4072976,2.17497556207234,1
259.5174442,2.18475073313783,1
259.6356777,2.17986314760508,1
259.7633588,2.18475073313783,1
259.8811244,2.18475073313783,1
260.016337,2.17008797653959,1
260.1570461,2.17497556207234,1
260.295436,2.17497556207234,1
260.4101189,2.17008797653959,1
260.5535787,2.17497556207234,1
260.6971298,2.1603128054741,1
260.8186648,2.1603128054741,1
260.9413051,2.15542521994135,1
261.0677848,2.15542521994135,1
261.18456,2.1603128054741,1
261.302371,2.1505376344086,1
261.4177955,2.1505376344086,1
261.5566366,2.1603128054741,1
261.6885699,2.15542521994135,1
261.8162836,2.14565004887586,1
261.9334324,2.15542521994135,1
262.0410866,2.17008797653959,1
262.1699826,2.20918866080156,1
262.2749398,2.2238514173998,1
262.3740239,2.24340175953079,1
262.4788101,2.2336265884653,1
262.5835959,2.23851417399804,1
262.7158451,2.2336265884653,1
262.8366552,2.2238514173998,1
262.955297,2.2238514173998,1
263.0675488,2.2238514173998,1
263.1947198,2.21896383186706,1
263.3138033,2.2238514173998,1
263.4216886,2.2238514173998,1
263.5414117,2.27272727272727,1
263.6548286,2.25317693059629,1
263.7704221,2.24828934506354,1
263.8900469,2.24828934506354,1
263.9971386,2.24828934506354,1
264.1062842,2.24340175953079,1
264.2128869,2.24828934506354,1
264.3148443,2.25317693059629,1
264.4234676,2.25317693059629,1
264.5238463,2.25317693059629,1
264.6419996,2.24828934506354,1
264.7466069,2.24828934506354,1
264.8571175,2.25806451612903,1
264.9634795,2.29227761485826,1
265.0723226,2.27761485826002,1
265.1877835,2.27761485826002,1
265.3147986,2.29716520039101,1
265.4288339,2.29716520039101,1
265.5612463,2.32160312805474,1
265.6718412,2.21896383186706,1
265.7924386,2.20918866080156,1
265.9023605,2.18963831867058,1
266.0106418,2.18963831867058,1
266.1568143,2.14565004887586,1
266.2776103,2.11632453567937,1
266.4181456,2.09188660801564,1
266.5250766,2.08699902248289,1
266.6350883,2.0772238514174,1
266.7413641,2.06744868035191,1
266.8637911,2.06744868035191,1
266.9748029,2.06256109481916,1
267.0736527,2.06256109481916,1
267.1793691,2.06256109481916,1
267.2957203,2.08699902248289,1
267.4235856,2.13587487781036,1
267.5407403,2.1505376344086,1
267.653263,2.15542521994135,1
267.7709278,2.18475073313783,1
267.9031312,2.24828934506354,1
268.0036111,2.26295210166178,1
268.1083769,2.27272727272727,1
268.2224761,2.31182795698925,1
268.3523082,2.31182795698925,1
268.4784509,2.3069403714565,1
268.583424,2.29227761485826,1
268.7056172,2.28739002932551,1
268.8097109,2.28250244379277,1
268.9224867,2.28250244379277,1
269.050281,2.29227761485826,1
269.1823027,2.28250244379277,1
269.32256,2.28250244379277,1
269.4285916,2.26783968719453,1
269.5695232,2.29227761485826,1
269.6890195,2.28739002932551,1
269.8223328,2.26295210166178,1
269.9425293,2.24340175953079,1
270.0643724,2.2336265884653,1
270.1946875,2.22873900293255,1
270.3338265,2.25317693059629,1
270.4556106,2.28250244379277,1
270.5795027,2.28739002932551,1
270.7255804,2.3069403714565,1
270.9278847,2.3900293255132,1
271.0465907,2.42424242424242,1
271.179758,2.37536656891496,1
271.3146966,2.36070381231672,1
271.4445671,2.34115347018573,1
271.5836249,2.33626588465298,1
271.7148965,2.35092864125122,1
271.829156,2.35092864125122,1
271.9621644,2.30205278592375,1
272.0995853,2.27761485826002,1
272.2372321,2.26295210166178,1
272.3829105,2.28250244379277,1
272.5241894,2.28250244379277,1
272.6687109,2.25806451612903,1
272.7723953,2.28739002932551,1
272.9021025,2.26295210166178,1
273.1083005,2.2238514173998,1
273.2184293,2.21407624633431,1
273.352542,2.19941348973607,1
273.485218,2.18963831867058,1
273.6192323,2.17986314760508,1
273.7576955,2.17986314760508,1
273.8953678,2.1603128054741,1
274.0346966,2.15542521994135,1
274.1401771,2.1505376344086,1
274.2148484,2.14076246334311,1
274.3060714,2.14076246334311,1
274.3987765,2.17008797653959,1
274.4796542,2.17008797653959,1
274.5602491,2.15542521994135,1
274.6543294,2.14076246334311,1
274.718512,2.20430107526882,1
274.7770609,2.32649071358749,1
274.84858,2.28250244379277,1
274.9302666,2.33626588465298,1
274.9814815,2.29716520039101,1
275.0567654,2.37047898338221,1
275.1125164,2.3069403714565,1
275.1759141,2.28250244379277,1
275.2488395,2.26783968719453,1
275.3259087,2.26295210166178,1
275.4001694,2.26783968719453,1
275.4609177,2.26295210166178,1
275.5274271,2.26783968719453,1
275.5973062,2.26295210166178,1
275.6630785,2.25806451612903,1
275.7135197,2.24828934506354,1
275.7957176,2.25806451612903,1
275.8639964,2.26783968719453,1
275.9154531,2.26783968719453,1
275.9633653,2.27761485826002,1
276.0273453,2.28739002932551,1
276.0987836,2.29716520039101,1
276.1711127,2.33626588465298,1
276.2369169,2.33626588465298,1
276.3196283,2.29716520039101,1
276.4128583,2.29227761485826,1
276.499902,2.27761485826002,1
276.5704043,2.28250244379277,1
276.646739,2.28250244379277,1
276.7217028,2.27272727272727,1
276.7905728,2.27761485826002,1
276.8517801,2.27761485826002,1
276.9029194,2.27272727272727,1
276.9606816,2.27761485826002,1
277.0287005,2.27272727272727,1
277.1022239,2.26783968719453,1
277.1877145,2.27272727272727,1
277.2463989,2.28250244379277,1
277.3144007,2.28250244379277,1
277.3781611,2.28739002932551,1
277.4441613,2.28739002932551,1
277.4928805,2.28250244379277,1
277.5553497,2.27272727272727,1
277.6313204,2.26783968719453,1
277.7071763,2.26295210166178,1
277.7776081,2.25806451612903,1
277.8399625,2.25806451612903,1
277.92186,2.24828934506354,1
278.0549544,2.25806451612903,1
278.1668269,2.24828934506354,1
278.2746152,2.25317693059629,1
278.3751278,2.24828934506354,1
278.4778469,2.24340175953079,1
278.5972669,2.24340175953079,1
278.7067813,2.24340175953079,1
278.8132454,2.26295210166178,1
278.9220885,2.27272727272727,1
279.0342386,2.31182795698925,1
279.1302365,2.3069403714565,1
279.2137176,2.31671554252199,1
279.3154279,2.3069403714565,1
279.4138431,2.3802541544477,1
279.5064054,2.27272727272727,1
279.6082232,2.08699902248289,1
279.7175317,2.02834799608993,1
279.8185846,2.01368523949169,1
279.9328707,1.98924731182796,1
280.0350464,1.96969696969697,1
280.1394505,1.97947214076246,1
280.2550992,2.05767350928641,1
280.3625699,2.10166177908113,1
280.4623732,2.11143695014663,1
280.5658219,2.13098729227761,1
280.6736411,2.16520039100684,1
280.7782871,2.19452590420332,1
280.8876619,2.24340175953079,1
281.0010872,2.27761485826002,1
281.1194,2.27761485826002,1
281.2471389,2.26783968719453,1
281.3805107,2.2336265884653,1
281.4870315,2.21407624633431,1
281.6209476,2.19941348973607,1
281.7330308,2.18475073313783,1
281.8361326,2.18475073313783,1
281.9573326,2.19452590420332,1
282.0725733,2.19941348973607,1
282.187513,2.20430107526882,1
282.2901747,2.21896383186706,1
282.3960333,2.20918866080156,1
282.4970379,2.20430107526882,1
282.6140219,2.18475073313783,1
282.7209166,2.17008797653959,1
282.866614,2.17008797653959,1
282.9844569,2.18475073313783,1
283.1132635,2.1505376344086,1
283.2317984,2.14565004887586,1
283.3571317,2.1505376344086,1
283.465998,2.14565004887586,1
283.5724033,2.12121212121212,1
283.6896417,2.12121212121212,1
283.8148288,2.12121212121212,1
283.9246039,2.12609970674487,1
284.0466849,2.12609970674487,1
284.1729275,2.13098729227761,1
284.2744539,2.13098729227761,1
284.3902371,2.13587487781036,1
284.5086235,2.17497556207234,1
284.6083659,2.18963831867058,1
284.7226043,2.17497556207234,1
284.8631812,2.18963831867058,1
284.9624377,2.19941348973607,1
285.0195445,2.18963831867058,1
285.0896891,2.18475073313783,1
285.1540911,2.20918866080156,1
285.2124611,2.2238514173998,1
285.2704409,2.2238514173998,1
285.3382916,2.21407624633431,1
285.4017401,2.21407624633431,1
285.4539197,2.20918866080156,1
285.5085467,2.20918866080156,1
285.5655966,2.23851417399804,1
285.6228153,2.20430107526882,1
285.6703678,2.17986314760508,1
285.7472834,2.17497556207234,1
285.8175144,2.17986314760508,1
285.892597,2.17008797653959,1
285.9555372,2.17497556207234,1
286.0154626,2.18963831867058,1
286.086567,2.16520039100684,1
286.1401232,2.15542521994135,1
286.2013109,2.16520039100684,1
286.2520893,2.1603128054741,1
286.3057709,2.1603128054741,1
286.368165,2.17497556207234,1
286.4261655,2.14565004887586,1
286.4836131,2.11632453567937,1
286.5416353,2.11143695014663,1
286.5970693,2.13587487781036,1
286.6404216,2.1505376344086,1
286.7039467,2.14076246334311,1
286.7599758,2.13587487781036,1
286.822294,2.14565004887586,1
286.8970074,2.14076246334311,1
286.9559568,2.14076246334311,1
287.0123814,2.1603128054741,1
287.0540475,2.1603128054741,1
287.1089436,2.1603128054741,1
287.1581003,2.16520039100684,1
287.2214217,2.1603128054741,1
287.2964188,2.17008797653959,1
287.3596795,2.17497556207234,1
287.4293659,2.18475073313783,1
287.4912189,2.21896383186706,1
287.5494273,2.2238514173998,1
287.6083611,2.2238514173998,1
287.67133,2.21896383186706,1
287.7267379,2.21896383186706,1
287.7876445,2.2238514173998,1
287.8466581,2.2238514173998,1
287.9065747,2.21896383186706,1
287.9653295,2.21407624633431,1
288.0270305,2.21896383186706,1
288.0752866,2.20918866080156,1
288.1247267,2.20918866080156,1
288.1753295,2.21407624633431,1
288.2303881,2.23851417399804,1
288.2974226,2.24340175953079,1
288.3610874,2.2336265884653,1
288.4228873,2.22873900293255,1
288.4808434,2.22873900293255,1
288.5443812,2.2238514173998,1
288.6113441,2.23851417399804,1
288.6720562,2.26783968719453,1
288.7280991,2.2336265884653,1
288.7993919,2.20918866080156,1
288.8669973,2.20918866080156,1
288.9312088,2.21407624633431,1
289.0034634,2.19452590420332,1
289.0578815,2.19452590420332,1
289.1170939,2.19452590420332,1
289.1787255,2.19452590420332,1
289.2453995,2.18963831867058,1
289.3088633,2.17986314760508,1
289.3759714,2.17008797653959,1
289.4372771,2.16520039100684,1
289.5048727,2.17008797653959,1
289.5608557,2.14076246334311,1
289.6072207,2.10654936461388,1
289.6740178,2.08699902248289,1
289.7363093,2.07233626588465,1
289.8016638,2.06744868035191,1
289.8555588,2.05767350928641,1
289.9209831,2.05767350928641,1
289.9802105,2.04789833822092,1
290.0567211,2.05278592375367,1
290.1296288,2.0772238514174,1
290.2115758,2.10166177908113,1
290.2747622,2.13098729227761,1
290.3470126,2.14565004887586,1
290.4045556,2.1603128054741,1
290.459492,2.17008797653959,1
290.5170856,2.17008797653959,1
290.5884479,2.16520039100684,1
290.654481,2.1603128054741,1
290.7213664,2.1505376344086,1
290.7816043,2.14076246334311,1
290.8387536,2.14076246334311,1
290.8913539,2.14076246334311,1
290.937692,2.13587487781036,1
291.0051156,2.16520039100684,1
291.0591941,2.18475073313783,1
291.1379829,2.17008797653959,1
291.1928122,2.1603128054741,1
291.2673245,2.16520039100684,1
291.337704,2.18475073313783,1
291.4078481,2.18963831867058,1
291.4581104,2.18963831867058,1
291.5266283,2.25806451612903,1
291.5972834,2.33137829912023,1
291.6645113,2.40957966764418,1
291.7214258,2.40957966764418,1
291.7846165,2.41935483870968,1
291.8461415,2.35092864125122,1
291.8925063,2.37536656891496,1
291.9509928,2.48289345063539,1
291.9914541,2.58064516129032,1
292.0408801,2.65884652981427,1
292.0943938,2.76148582600195,1
292.1427758,2.90811339198436,1
292.2027092,3.03030303030303,1
292.2609332,3.15738025415445,1
292.3324242,3.35288367546432,1
292.3905488,3.43597262952102,1
292.4536845,3.47018572825024,1
292.5123868,3.48484848484849,1
292.585176,3.4652981427175,1
292.6385624,3.42619745845552,1
292.6898299,3.3822091886608,1
292.7539286,3.35777126099707,1
292.787559,3.37732160312805,1
292.8537544,3.37732160312805,1
292.9215264,3.50439882697947,1
292.9733861,3.56793743890518,1
293.0167733,3.54349951124145,1
293.0880912,3.59726295210166,1
293.1556677,3.62658846529814,1
293.2097172,3.60703812316716,1
293.2843358,3.56304985337243,1
293.3339639,3.58260019550342,1
293.3910621,3.57771260997067,1
293.4533625,3.54349951124145,1
293.5045382,3.57282502443793,1
293.5495165,3.49462365591398,1
293.6052903,3.45063538611926,1
293.6732106,3.39198435972629,1
293.7318127,3.37243401759531,1
293.7876465,3.39198435972629,1
293.8446142,3.37243401759531,1
293.9048204,3.35288367546432,1
293.9654307,3.35777126099707,1
294.0119387,3.44574780058651,1
294.0863552,3.56793743890518,1
294.1438529,3.6852394916911,1
294.2001679,3.80742913000978,1
294.2499095,3.88563049853372,1
294.3116102,3.97849462365591,1
294.3719791,3.96383186705767,1
294.4271877,3.91006842619746,1
294.4767932,3.87096774193548,1
294.5345794,3.84652981427175,1
294.6005917,3.82209188660802,1
294.6639552,3.81231671554252,1
294.7205179,3.82697947214076,1
294.7898062,3.79765395894428,1
294.8573848,3.77321603128055,1
294.9172789,3.70478983382209,1
294.9758531,3.60703812316716,1
295.041021,3.54349951124145,1
295.0854971,3.51906158357771,1
295.1466816,3.47507331378299,1
295.20636,3.48973607038123,1
295.2681409,3.46041055718475,1
295.3287819,3.455522971652,1
295.3808576,3.41642228739003,1
295.455588,3.39198435972629,1
295.5069308,3.35288367546432,1
295.577762,3.33333333333333,1
295.6369742,3.28934506353861,1
295.6940141,3.26979472140762,1
295.7680206,3.29912023460411,1
295.8259177,3.28445747800586,1
295.887453,3.29423264907136,1
295.9367623,3.28445747800586,1
296.0037,3.25024437927664,1
296.0662335,3.19648093841642,1
296.1311303,3.19648093841642,1
296.1969919,3.18181818181818,1
296.2558216,3.12805474095797,1
296.3203753,3.12316715542522,1
296.3850964,3.1524926686217,1
296.4564965,3.12805474095797,1
296.5072639,3.11827956989247,1
296.5740803,3.09872922776149,1
296.6568334,3.10361681329423,1
296.7195916,3.11339198435973,1
296.772129,3.069403714565,1
296.8265579,3.03519061583578,1
296.8815731,3.04007820136852,1
296.9476109,3.04007820136852,1
297.0060812,3.02541544477028,1
297.0847232,3.02052785923754,1
297.1409204,3.07429130009775,1
297.1969428,3.08895405669599,1
297.2653368,3.07429130009775,1
297.3376507,3.069403714565,1
297.3932102,3.06451612903226,1
297.4667292,3.09384164222874,1
297.533279,3.07429130009775,1
297.5947517,3.05474095796676,1
297.6650855,3.04496578690127,1
297.7269429,3.04007820136852,1
297.7838265,3.04496578690127,1
297.8473275,3.05474095796676,1
297.9117359,3.06451612903226,1
297.9693231,3.06451612903226,1
298.0502107,3.05962854349951,1
298.1066321,3.04007820136852,1
298.1645706,3.04496578690127,1
298.2334922,3.04496578690127,1
298.2958385,3.06451612903226,1
298.3630687,3.0791788856305,1
298.4613673,3.08895405669599,1
298.5998453,3.069403714565,1
298.7151615,3.02052785923754,1
298.8252612,3.05474095796676,1
298.9450318,3.08895405669599,1
299.0981923,3.09384164222874,1
299.2255916,3.04496578690127,1
299.3460599,3.03030303030303,1
299.4564871,3.03519061583578,1
299.574558,3.01075268817204,1
299.6859846,2.98142717497556,1
299.8112113,2.96187683284457,1
299.9210952,2.97165200391007,1
300.0345435,2.97165200391007,1
